Gene,Score
TTN,1
MUC16,1
DST,0.9999982
HMCN1,0.9999229
ST6GALNAC3,0.99977833
NEB,0.999767
DMD,0.9997235
MUC4,0.9996793
FLG,0.9994943
SYNE2,0.99921846
RYR3,0.9987362
LAMA1,0.9983542
SPTA1,0.99787366
CHD4,0.9975859
UBR4,0.99735
CSMD1,0.99673575
MYH9,0.9963935
MAP1A,0.9963398
CACNA1F,0.9938858
COL14A1,0.9937803
THBS1,0.9930865
COL4A5,0.992702
FAT1,0.99257505
CASP9,0.9924015
FAT3,0.9923768
TARS2,0.992281
ZFHX4,0.9921238
DNAH2,0.9920846
HUWE1,0.99204975
AHNAK,0.9919944
FN1,0.99086386
PDGFRB,0.9907583
MACF1,0.99043757
GSK3B,0.99039406
IKBKB,0.9898691
RAF1,0.9896304
MYCBP2,0.9894559
UBR5,0.9892113
ANK3,0.9890246
BCL2,0.9884322
PRKCA,0.9883305
KDR,0.98798174
COL6A3,0.9877385
PRKDC,0.9875042
AKAP9,0.98749244
LRP1B,0.98736924
PRKACA,0.98674923
TSC2,0.9866409
ASPM,0.98654675
LRP2,0.98594403
CCND2,0.9858628
LRP1,0.9856149
FREM1,0.98539954
BCL2L1,0.9842594
LCT,0.98423463
CUL1,0.98417073
REV3L,0.9841002
OBSCN,0.98370326
TCHH,0.98325676
TSHZ3,0.98263884
IGF1,0.9822404
RELA,0.9822218
FGFR4,0.9819661
CACNA1E,0.9818763
NTRK2,0.98175275
INSR,0.9809713
ESPL1,0.98072284
MUC5B,0.98069316
NCOR2,0.9804904
TGFBR1,0.9803602
PLCB4,0.97986335
HCFC1,0.9795939
CDKN1A,0.97910327
PDZD2,0.9787087
JUN,0.97772026
MAP3K4,0.97769016
GRB2,0.9776684
RBX1,0.97750777
CACNA1C,0.97715
TEK,0.9767904
MAPK14,0.97676086
CDK2,0.9763983
TP73,0.9762883
FRMPD4,0.9761721
CACNA1A,0.97616994
GRIK1,0.9758125
SKP1,0.975593
HDAC1,0.9754894
MAGI2,0.9754765
ANGPT4,0.9753562
MAPK1,0.9751813
KIAA1109,0.9749604
NRIP1,0.9746907
SPHKAP,0.9746542
SETX,0.974394
CDH10,0.9743523
ANGPT1,0.9743386
DNAH12,0.9741444
MTOR,0.97411895
NFATC2,0.9737269
PPP3CA,0.97280145
CASP3,0.9727278
NFKB1,0.97271675
SCN2A,0.97236013
CIT,0.9721399
HSP90AA1,0.97213674
MAPK3,0.97212785
PTK2,0.9715209
CHD7,0.97150403
KMO,0.97142875
CHUK,0.9712965
HSP90AB1,0.9710599
SRCAP,0.97096765
MCM7,0.9706708
FGF22,0.970616
SACS,0.9706104
MDN1,0.970602
AHNAK2,0.9704185
ADAMTSL3,0.97020423
SPTAN1,0.97012556
BPTF,0.97003675
F8,0.9699621
CDK4,0.9694698
NFATC4,0.96928376
PDE1C,0.9691945
TAF1,0.9690558
TG,0.9690261
ITPR1,0.96866155
PSEN2,0.9674855
STAG1,0.9668043
EPHA2,0.9665719
MAP3K5,0.966399
NFATC1,0.9658707
ABL1,0.9653698
DUSP16,0.96527505
ADAMTS13,0.96525526
PRKCB,0.9652357
HIVEP1,0.96519053
COL4A4,0.96506697
UBC,0.96481544
KAT2A,0.964636
ATF2,0.9644019
AHCTF1,0.96431464
DNMT1,0.9642712
HGF,0.96413976
VANGL1,0.9634447
IGF2,0.96325886
YWHAZ,0.9631594
MAPK10,0.9630149
FLNB,0.9628474
ROCK2,0.96277624
MAGI1,0.96262753
SMYD3,0.9625901
FLT3,0.96255976
HERC2,0.96213436
APOB,0.9619513
MYOM2,0.9611311
THOC2,0.9609324
TDRD6,0.9604198
TPR,0.9602422
TRPS1,0.96011585
RAC1,0.9599715
COL4A3,0.95992917
COL4A6,0.9598107
MAML1,0.9597594
SHPRH,0.9597426
MYT1L,0.9594957
ATXN1,0.95948243
DNAH17,0.95942765
HIVEP3,0.95841664
TCF7L2,0.9583359
HTT,0.95800555
NGFR,0.9575608
DYNC2H1,0.95753556
NIPBL,0.95734555
ANLN,0.95727015
FASLG,0.9572684
FZD4,0.9571976
MAP2K6,0.95718145
CACNA1B,0.9570455
ANK2,0.95683515
CRK,0.95680153
PCDHB6,0.95654416
FGF7,0.95640653
PRICKLE2,0.9563766
TRAF6,0.956202
MEF2C,0.9561491
HSPA8,0.956088
SLC4A4,0.9560417
FOS,0.9560034
CCNB3,0.9556374
CDH19,0.9555349
FGF9,0.9549217
NAV3,0.9546371
MXRA5,0.9543144
PIWIL1,0.9541995
RIMS2,0.9531089
CSF1,0.95300245
MLH3,0.9529543
PAK2,0.9525826
PPP2R1A,0.95249933
MAST1,0.9524359
WNK3,0.9523968
KIF4A,0.95213497
MAPK8,0.9519718
MAP2K1,0.95170426
SOS2,0.95153815
LEF1,0.95152605
TRPC5,0.95114875
FGF20,0.95102704
UTRN,0.9509699
VWF,0.950915
CDC42BPA,0.9507987
TSHZ2,0.95037794
RASGRF2,0.9502604
BUB1,0.9501859
VEGFA,0.95009786
CTNND2,0.9500476
RPS6KA2,0.9498769
FLT1,0.9498538
STAT3,0.9496114
SIRT1,0.9494276
RBPJ,0.9485457
BACH2,0.94815576
THBS2,0.94813
LRRK2,0.94809425
DLL1,0.94772923
COL4A2,0.9474101
RASA1,0.94732744
TP53BP1,0.94732654
HDAC2,0.9471705
DNAH1,0.9470081
TFAP2A,0.946664
PPP2CA,0.9462828
BDP1,0.94615304
IKBKG,0.94614995
CACNA1D,0.94605315
NUMB,0.94565505
APAF1,0.9455919
RP1,0.94558054
FANCA,0.94464093
PLXNA4,0.9442335
IGHG1,0.944202
CEP170,0.9440764
MAP2K5,0.94395256
NFKB2,0.9438988
ZNF692,0.9436024
JAK1,0.94330853
KALRN,0.94302
TLR7,0.9428947
NCSTN,0.9427575
MAP3K3,0.9423931
TBL1X,0.94227237
OPRM1,0.9414955
PAK1,0.941291
E2F1,0.9410003
MAPK8IP2,0.94081485
LRRC7,0.9407088
FRMPD1,0.940595
ADAM17,0.94018763
MAML3,0.9398779
ALMS1,0.93982637
COL11A1,0.93978715
RASGRF1,0.93976086
PLCB3,0.9397021
SCN10A,0.93943167
MAPK8IP3,0.9393522
PLCB1,0.93931764
PLK1,0.9391643
MAP3K11,0.93910754
HERC1,0.93910587
YWHAG,0.939033
CUL7,0.93877035
RGS7,0.9385468
COL1A2,0.9384526
MYO10,0.9383815
ADAM10,0.9383179
CENPE,0.93818307
RNF213,0.9380899
BTRC,0.93714565
TAB3,0.93709874
MAPT,0.9369903
SOS1,0.93698025
SMC3,0.9368875
MDM1,0.93683386
PLCG1,0.9362293
LGR5,0.9360799
CAMK2D,0.9358636
DNAH8,0.9357234
JAK3,0.9354134
LAMA2,0.93537587
FGF23,0.93501544
ROR1,0.93491113
OGT,0.9348922
UHRF2,0.93484676
CDH6,0.9345304
ITGB3,0.93417287
RXRA,0.9337278
CDC25C,0.9336154
LAMB1,0.93348056
BSN,0.9333919
MAP2K3,0.9333075
FBN1,0.9332219
SRF,0.933029
CACNA1S,0.93302876
SCN4A,0.93292856
DAAM1,0.9328968
ANGPT2,0.93284255
PCNA,0.9327669
CHD9,0.9326908
PRUNE2,0.93252957
DLL4,0.9322529
CDC42,0.93219775
EFNA4,0.93211126
ADNP,0.93193376
DSCAM,0.93181336
PCDH19,0.9317293
ORC2,0.93165
HCN1,0.9315905
SMAD2,0.9315192
CCNE2,0.93139994
THBS4,0.9313777
CACNA1G,0.9311262
DNAH14,0.93110853
PRKCG,0.93082726
CCDC88C,0.93065566
NR4A1,0.9303716
FBXW11,0.93037003
ITGB4,0.92996055
PIK3CG,0.9298579
ECM1,0.9297436
CRTC2,0.9292775
ITGA10,0.9290335
PTPRZ1,0.9289944
SALL1,0.9288312
TLN1,0.9287723
PKN2,0.92857695
MAP3K7,0.92857623
HECW1,0.92852503
VEGFB,0.92837995
TGFA,0.9283187
IL4R,0.9279031
HES1,0.9278657
COL4A1,0.92782104
ANKRD11,0.9277935
MAP3K12,0.92778796
ZMYM2,0.9276357
FREM2,0.9272998
THSD7A,0.9272794
YWHAB,0.9271753
KCNT2,0.9270528
CSMD2,0.92695665
KDM2A,0.92682296
CSNK2A2,0.92644536
PERP,0.92634094
CDC37,0.9262325
TRPM3,0.9261649
PDGFC,0.9261152
NSD1,0.9258275
RAPGEF2,0.9257839
LIMA1,0.9253947
XPO1,0.9253741
PTPRH,0.9253594
CEP350,0.9253528
SCN3A,0.92526805
SIPA1L1,0.925087
MDM4,0.92474115
ITGAV,0.9247209
COL17A1,0.92440057
RPS6KA5,0.92431676
LRP6,0.92427874
LOXHD1,0.9242183
WIF1,0.924124
MAPK12,0.92388064
NOS3,0.9237376
SP3,0.92373717
PLCB2,0.92349994
FGF8,0.92344934
RANBP2,0.9234004
MAP4K4,0.9231435
TNXB,0.9231161
NFATC3,0.9223708
MAP2K7,0.92207754
GON4L,0.92173946
LGR4,0.92116666
PCDH9,0.92109525
TERT,0.92073756
CSNK2A1,0.92070544
PPP3CC,0.9206335
PKN1,0.9205938
WDFY3,0.9205648
FGF2,0.92036074
EFNA3,0.9202907
WNK1,0.91997266
PPM1A,0.91921943
MYO7A,0.91917026
FZD6,0.9189158
IRS1,0.9188174
DDX11,0.91847795
NRP2,0.91834253
ITGA4,0.91796464
MATN2,0.91739476
OR2W3,0.91729873
TJP1,0.91727656
EFNA2,0.9171393
POLE,0.9170361
GRIA1,0.91689926
CSF1R,0.91681504
RELN,0.9166734
EFNA1,0.91648906
CDH23,0.9161954
APC2,0.9154451
IL1R1,0.9147108
SYNM,0.91448176
DSCAML1,0.9141985
PTPRA,0.91401094
EYS,0.91390604
ITGB1,0.91370744
DLC1,0.9135851
CSNK1E,0.9134391
LPAR4,0.9133482
TLR4,0.9132448
MYH7,0.91300184
GRM1,0.91275567
DNAH6,0.9125819
KITLG,0.91243905
WNT2B,0.9123168
NPAS4,0.91226393
PPP2R5D,0.9117325
RBL1,0.9115706
WNT7A,0.91154563
MAP3K8,0.91144055
BID,0.9112541
PGF,0.91124576
HORMAD1,0.9111915
RP1L1,0.91115296
COL12A1,0.91097367
TNFRSF1A,0.9108858
COL5A1,0.910827
LAMC2,0.91054374
ZNF292,0.9104959
FGFR3,0.9103868
LZTS2,0.9098012
CAMK2A,0.90881807
TGFB1,0.90856224
PPP3CB,0.90848255
ADGRB1,0.9082947
MMP7,0.90817
SRRM2,0.9081159
PDS5A,0.9081029
NRCAM,0.9080412
RPS6KA1,0.9079638
CHD6,0.9077745
PTPN12,0.90741175
KIF26B,0.90731156
CDC42BPB,0.9071359
ROCK1,0.90706503
FGF19,0.90702
YWHAE,0.90682703
MAPK8IP1,0.9067627
CABIN1,0.9067499
CUL4B,0.9064378
CACNA2D1,0.90629923
UNC13A,0.9057439
ITIH5,0.90573376
MAPK9,0.90508515
GNA12,0.904826
PPARD,0.90439296
MAX,0.90424913
FAT4,0.90404534
ZP4,0.9039533
TCF7,0.9038109
TAB1,0.9037119
TAOK3,0.9033921
POLR2A,0.9032229
RAP1A,0.9032038
AKAP13,0.9028078
MKI67,0.90275246
RUVBL1,0.90270466
CREB1,0.90242153
NOTCH4,0.90240693
ATF4,0.90203625
SMCHD1,0.9019753
HSPB1,0.9018265
ACTB,0.901678
ROBO1,0.90151775
AKAP11,0.90136546
SFRP4,0.900754
YWHAH,0.90069777
SKP2,0.90069705
MAP3K10,0.90047014
PHKA2,0.9003801
DDX17,0.90030044
SMC1B,0.9002917
SYCP1,0.90010375
ASXL3,0.9000211
ANO2,0.89980745
TNC,0.8996428
CDC25B,0.89949256
PCDH15,0.8993688
MYO15A,0.8992508
KIF1B,0.8992349
RPS6KA3,0.89921707
PLA2G4D,0.89913136
MYH1,0.89897394
ACTN2,0.89882946
DNM3,0.8984603
PTPRF,0.89844793
HNF1A,0.8981953
FGF5,0.89814234
MCC,0.89812964
CFTR,0.89804494
ARRB2,0.8979985
RBBP6,0.8979929
ELK1,0.89787304
CACNA2D2,0.89765006
VANGL2,0.89749485
RIMS1,0.8974752
SLITRK1,0.89743036
MYH14,0.89716494
TRAF2,0.8970456
GDF9,0.89677566
EREG,0.8967696
SCN1A,0.896759
DNAH9,0.89668494
DNM1,0.8965067
AURKB,0.89637595
EPHA5,0.8963677
CRKL,0.8963382
ITGA2B,0.89626324
GEMIN5,0.8958304
PTPN13,0.89581686
CYFIP1,0.8957307
MCM6,0.8953179
IRAK1,0.8949106
LAMA4,0.89477235
KAT6A,0.8946297
AKAP6,0.89458716
FAM171A1,0.8942834
DLG3,0.8941502
EPHB2,0.89410293
CER1,0.89392287
CSNK1A1,0.8936747
PIK3R3,0.893501
ARHGAP31,0.8932805
MAP2K2,0.8931606
ERN2,0.8931085
PTPRB,0.89303786
PRKAA1,0.89282143
COL7A1,0.892809
COL1A1,0.89256614
ROR2,0.8922164
RPS6KB1,0.8921402
EGF,0.8920292
PPM1B,0.8920021
MAP2,0.8919577
SYK,0.89186066
DLG1,0.8918078
ANK1,0.89162976
SIK3,0.8915714
CSNK2B,0.8912673
KIF21B,0.89121777
CCAR2,0.89113384
DTX3L,0.8910124
SFRP1,0.8909003
PDGFA,0.89080566
GREB1L,0.8905828
RB1CC1,0.89030874
CTBP1,0.8899099
AXIN2,0.8897139
CACNA1H,0.88966125
CIR1,0.8895939
HDAC5,0.88950354
CAMK2G,0.88943356
DUSP10,0.8892172
TLR3,0.88902587
LAMB3,0.8890121
DSP,0.88880044
TAB2,0.8883709
RAC2,0.88814956
JUND,0.8881336
RNF43,0.8878834
BDNF,0.8877233
TAOK2,0.8875224
RUNX1T1,0.8873417
RGS3,0.8870435
TNFRSF10A,0.8869442
MFNG,0.88684916
GLI3,0.886729
HSPA6,0.8864919
RASSF1,0.88637364
MYLK,0.8862259
CAMK2B,0.8853813
DUSP1,0.885371
MAML2,0.8853235
TRDN,0.88517135
CDH7,0.8851057
SI,0.88508683
INSRR,0.8850072
DOCK4,0.8849968
SOX17,0.8849864
DNAH3,0.8849599
KMT2B,0.8848804
WEE1,0.88477653
CDKN2C,0.884731
ABCA12,0.8846937
PTPN7,0.8846402
RABEP1,0.8842872
DDB2,0.88399416
ANKRD12,0.88349
JAG1,0.88295996
CNKSR2,0.8828558
FGF18,0.88268363
MYO5B,0.8819249
FGF1,0.8818932
MCM2,0.8818792
HDAC8,0.8818693
FGF17,0.88177603
PIK3R2,0.88174
MBD5,0.8817281
PCDHGA11,0.8816088
RASA2,0.881503
DOCK11,0.88142455
FOSL1,0.8812207
LAMA5,0.8811129
E2F3,0.8810482
ST18,0.8808359
MKNK1,0.880799
PLXNA2,0.8807397
CREB5,0.8807397
EPB41L3,0.8801296
CDC27,0.8800962
ITGA5,0.88004035
PLCE1,0.8798546
RRM2B,0.87965053
PLA2G4A,0.87960505
HPS3,0.8792533
SNTG1,0.8788761
DYNC1H1,0.8788683
PIDD1,0.8788306
IL1RAP,0.8786934
MORC1,0.8786528
MAST4,0.87835
TFDP1,0.87824535
NEDD4,0.8782421
ARRB1,0.87810075
ITGA8,0.8780594
TEP1,0.87795866
INVS,0.8779289
RYK,0.8778252
RSPO1,0.8777862
GRIK2,0.87777174
CFH,0.87708735
CDH15,0.8770653
TNRC6B,0.8768538
RLF,0.87681854
SERPINF1,0.87674177
ORC1,0.8767029
TRPM6,0.8766451
KPNB1,0.8765315
SGK1,0.8765243
FRAT1,0.8761895
NTF3,0.8760642
PPP5C,0.87567604
KIAA1324,0.875652
CDC6,0.87564224
EIF4B,0.87527186
RBL2,0.87522846
ITGA11,0.87493473
RAC3,0.87465435
JAG2,0.8746153
SORT1,0.87430215
ITGA6,0.87415224
GHR,0.87413573
GPC4,0.8740302
PPP1R3A,0.87392896
PTTG1,0.8738392
PCK1,0.873514
ZBTB17,0.87342787
SMC1A,0.8731529
SFN,0.87312746
ZNF385A,0.87294775
FLT4,0.872787
CDC20,0.8727615
MAP3K14,0.87272316
TCF7L1,0.87254626
PTPRR,0.8724105
GTF2I,0.8722711
NFE2L3,0.8722311
MAP3K2,0.8721819
PDPK1,0.8720796
BCL2L11,0.8720614
ZHX1,0.8718215
FOXP2,0.8714963
PPP2CB,0.87139803
PRICKLE1,0.8711059
CHD1L,0.8710545
GNG12,0.87070507
PPP3R1,0.87042826
PLA2G2F,0.8700593
PRKD1,0.86995256
FES,0.8695191
NFASC,0.8694853
RCHY1,0.86948276
DIAPH1,0.8694452
PARP14,0.8693727
TRIP11,0.8693122
NCOA1,0.8690685
RAB3GAP2,0.8689641
FZD7,0.8689124
CHD3,0.8689105
FHL1,0.8687636
PDS5B,0.86859554
CACNB2,0.868532
NLRP3,0.8681149
MRAS,0.86809
ARHGAP32,0.86798483
NCOA6,0.8679507
DLGAP2,0.867886
SPTBN1,0.8671127
NGF,0.86693037
SIAH1,0.8668769
MAGI3,0.8668141
CCNG2,0.8667934
DNM2,0.86675316
PIGR,0.8667194
TXNIP,0.8660124
POGZ,0.86578125
HEY1,0.8656523
VCAM1,0.8654439
MAPKAPK2,0.86539245
PZP,0.8652326
FMNL3,0.8650946
NKD2,0.8650691
GRM3,0.864636
KLHL1,0.8646079
EPOR,0.8641511
JAK2,0.8640051
PPP2R5C,0.8638334
VEGFC,0.8638215
BAMBI,0.86369425
NKD1,0.8634933
HNRNPU,0.86348605
TTK,0.8630894
WNT10B,0.86286944
MASP1,0.86272585
TNFRSF10B,0.86256963
USP1,0.86244106
POLQ,0.862434
KAT6B,0.8624064
BRWD1,0.86208105
TRADD,0.8620381
PTK2B,0.86191285
PCNT,0.86167043
CDKN1C,0.86156464
ARHGAP21,0.86140037
CACNG2,0.8613753
LTBP4,0.8613691
COL6A1,0.86084145
HSPA1B,0.86084074
TLR2,0.86067396
BAD,0.86062574
PHLPP1,0.86056477
SMARCC1,0.8603959
MGA,0.8603898
CNTRL,0.8602873
TBL1Y,0.8602071
ZDHHC17,0.8601914
ITGA3,0.8596418
LTBP2,0.8596363
RYR1,0.85958207
ANKRD30A,0.8590736
CSF3R,0.8587263
ANAPC7,0.85866445
WDR6,0.85863245
TAOK1,0.8584872
EXO1,0.85844475
COL6A2,0.85843503
CDCA5,0.8583721
NRXN1,0.8582661
FGFBP1,0.8578067
MAPK7,0.8573821
EFTUD2,0.8569468
MGAM,0.8569089
LTBP1,0.85675335
SENP2,0.85649204
FLT3LG,0.85640234
FZD5,0.85630476
MCM5,0.8561736
KDM5A,0.8559353
GAP43,0.8559169
CDK1,0.85568494
NPHP4,0.85564035
LAMC1,0.85550743
PRKCD,0.85543746
EP400,0.855284
ZAN,0.855104
ZNF335,0.85490125
WAS,0.85484636
FZD10,0.8548423
USP28,0.8548341
SFMBT1,0.8545311
RASGRP2,0.85445946
CNOT1,0.854346
TUBD1,0.8543039
MPZL3,0.85427815
MYH6,0.8542772
MKNK2,0.85413367
IL2RB,0.8540954
ASXL2,0.8540835
CADPS,0.8538557
MCM4,0.85363865
ZFYVE16,0.8532702
CACNG7,0.85315853
FRAS1,0.85301965
KLHL4,0.8526778
CACNB3,0.85267526
PRKACB,0.8525101
NIN,0.8522458
GPAM,0.85220426
NUMA1,0.85170156
MCM3,0.8516791
LRP5,0.85121566
RELB,0.85119045
MRC1,0.8510731
PKHD1,0.8507957
RERE,0.85062945
ZNRF3,0.85049963
ORC3,0.850423
WWP1,0.85004425
HCRTR2,0.84991944
PCDHB7,0.84974253
PDGFB,0.84919846
LAMP2,0.848704
CPAMD8,0.8485835
OBSL1,0.84857553
ENOX1,0.84853
MYO6,0.8483009
SCN5A,0.8482702
TRIO,0.84822124
CACNA1I,0.84807694
AMOT,0.84773535
WNK4,0.8476081
LIFR,0.8469092
ELF1,0.8465921
PPP2R5A,0.8465334
LFNG,0.84652466
ERC1,0.846351
CTNNA2,0.8462573
ANKS1B,0.845888
MADD,0.8457523
CEP295,0.8457483
BAX,0.84559536
ZNF582,0.8453964
DNAH10,0.84536606
FZD8,0.845231
PCDHA10,0.84515136
KCNB2,0.84472793
RAPGEF6,0.844559
SOST,0.8443341
WNT6,0.84427667
EHMT1,0.8442266
STAG3,0.8439773
PRKAA2,0.84392333
GH2,0.8438481
STMN1,0.8438359
DKK1,0.84360623
BTK,0.8435424
CLCA4,0.84338397
ACACA,0.8433662
IGSF1,0.842786
SRC,0.8426588
SIN3A,0.84256995
STAT4,0.842539
FOSB,0.8423904
SMARCA1,0.8422194
FANCD2,0.8419624
HELQ,0.84166676
ATP8B3,0.8414785
DDIT3,0.8412359
EML5,0.84078544
MAP4K2,0.84072846
PRPF4B,0.84059066
ZNF366,0.8405171
TMPRSS15,0.84038347
SH3KBP1,0.84011114
CDC5L,0.8400909
ITGB7,0.8395378
RASGRP1,0.8394845
KDM4A,0.83936644
PRDM2,0.83918285
HSPA1L,0.8390705
GADD45B,0.83905756
STK4,0.83895963
HNRNPK,0.8384483
BAZ1A,0.8382007
FGF10,0.8381385
HSP90B1,0.8380382
ADCY10,0.83792365
ZFPM2,0.83774894
DYRK1A,0.83751255
CNTLN,0.83701545
CROCC,0.83617526
BUB3,0.8359787
ARHGAP29,0.8356264
STAT6,0.8350784
PARP1,0.8350721
MYD88,0.83501524
ABCC9,0.83485943
IGFBP3,0.8348374
ADGRG6,0.8348133
CDH12,0.8346523
TSC22D1,0.8345919
HIF1A,0.83380646
RRAS2,0.83375436
FZD2,0.8335244
WNT4,0.833223
ABCB5,0.8331694
WNT11,0.8330707
CDH16,0.8329195
PPP1R13L,0.8327317
MYBPC1,0.83264136
CDK5RAP2,0.8324963
NEK8,0.8317953
IGF2R,0.8314955
PPARG,0.8314474
GPD1,0.83132255
SPAG5,0.8310076
PADI2,0.8309717
CECR2,0.83075774
GNAI2,0.8305661
HDX,0.83043474
CACNB4,0.83033055
AGXT2,0.8299645
CTNNA3,0.8295507
ABCA2,0.8292339
HSPG2,0.82916087
MED1,0.829115
DOCK7,0.8287721
GSPT2,0.8283884
CR1,0.8280277
PPM1D,0.82786846
CHEK1,0.82767296
TIAM2,0.8276363
RAD21,0.8276217
IBTK,0.8273301
APCDD1,0.82700014
SATB2,0.82696474
NDC80,0.8269473
COL2A1,0.82669985
FRZB,0.8264549
FZD9,0.82630396
BECN1,0.82592124
RECK,0.8252441
CD19,0.8247582
NR1H4,0.82462204
CTNNBIP1,0.82460934
GNB2,0.8243514
AR,0.8241834
WNT3A,0.82405466
TENM4,0.8238369
PSEN1,0.823796
EWSR1,0.8237747
G3BP1,0.82336247
PML,0.8231067
PDE4D,0.8230671
HDAC4,0.82302517
ITGA2,0.8229918
FNBP1L,0.8228857
ITGA1,0.822688
DNA2,0.82204306
SP1,0.8219123
WNT16,0.82143044
LYST,0.82134986
GRIN2B,0.82094926
TCF12,0.8209389
MYH15,0.8209371
NCAPD3,0.8205776
ZBTB16,0.82045394
DGKB,0.820036
DUSP8,0.8195835
ZNF536,0.81956625
FZD3,0.8195491
FGF4,0.8194543
CNTNAP1,0.8191675
PROKR1,0.8189507
PRKACG,0.8189357
VTN,0.81870854
KY,0.8186086
BRD4,0.81798446
JMJD1C,0.81781656
MDC1,0.8176829
DLGAP4,0.81762516
EIF4ENIF1,0.8173161
PPP1R13B,0.81730026
HCN4,0.81713516
HIVEP2,0.81651115
MLX,0.81627065
TNFRSF11B,0.8162649
LRIF1,0.81610024
ADGRL2,0.8160361
PCDHA3,0.81582546
TNNT1,0.81568104
ITGB5,0.8150054
SHANK1,0.8149695
PCDHB13,0.8146361
STAT5A,0.81461436
DENND1A,0.8145643
MAPKAPK5,0.8142414
WWP2,0.81402105
ZBED4,0.81400216
BAZ1B,0.81397116
NAV2,0.81357473
RPS6KA4,0.8135338
MAST2,0.81352675
CUBN,0.8134863
TLE1,0.81346965
RTL1,0.81331
IGHA2,0.8132133
ERCC1,0.8125806
KAT5,0.8124998
EXOC3,0.81215316
PLEKHH2,0.8120738
C4BPA,0.81138897
KIF1A,0.81124735
HTR1E,0.81121624
ELK4,0.81092745
PIK3C2B,0.8105993
SPTB,0.81050026
CCNB1,0.81045085
MYO7B,0.80980635
RBM39,0.8092343
SORBS1,0.80916816
SYNCRIP,0.8090896
ENOX2,0.80885243
CDC25A,0.80842155
USP4,0.8083866
ZNF8,0.8079868
MMRN1,0.80753225
SNRNP200,0.8074028
PTPRJ,0.80732334
TRPC3,0.807323
CREBZF,0.8072303
LEPR,0.80705136
ATXN3,0.80676055
ATN1,0.80670553
HNF4A,0.80668586
GRIN1,0.8064471
HIRA,0.80625737
PDE4DIP,0.80603564
OGN,0.80601937
XDH,0.8052893
PPARGC1A,0.8046728
KLF4,0.8043097
CDK7,0.80419624
MEIS2,0.8040857
NAV1,0.8040663
CNTN1,0.80398035
KDM4C,0.8039569
PPP2R2C,0.80379516
LAMA3,0.8036011
TGFBR3,0.80331445
HIST1H2AE,0.8032077
KLB,0.8031097
MMS22L,0.802931
C3,0.80286676
WDR48,0.8028128
TTLL5,0.8027514
SESN1,0.8026708
BCL9L,0.8025423
PKMYT1,0.80229735
ZNF257,0.8022179
PPP4R4,0.8017686
RALGDS,0.80174935
GORAB,0.8010618
TSHZ1,0.800975
MTA1,0.8008524
NOS1,0.80027413
NBEAL2,0.79954875
TFE3,0.7994396
PTPRT,0.79913837
DSC1,0.799078
PRKG2,0.7989612
DHX29,0.7983849
SPEG,0.7983296
SHC1,0.7978967
DTX3,0.79766107
COL3A1,0.7975837
TGFB3,0.79755753
VWA5A,0.7972153
PSENEN,0.79715145
PCSK5,0.7964462
CCNG1,0.7960108
CLMN,0.79597205
HCN3,0.7957359
ASTN2,0.795685
KIFC1,0.7955261
TUBB3,0.7955089
PKNOX2,0.79534733
ESCO1,0.7951523
GNL3L,0.7951172
PMAIP1,0.79455394
WDR62,0.7945204
GADD45G,0.7942127
CSTF2T,0.7942028
EDARADD,0.7942006
MEFV,0.7936246
POLN,0.79357654
KIF14,0.7935209
PTCH1,0.7932088
TMEM214,0.79317296
TRPA1,0.79306376
SHISA5,0.79290843
LRRFIP1,0.79259795
LATS1,0.79230493
SMARCA5,0.7921871
PSG3,0.79189914
TOX4,0.791543
CTBP2,0.791512
RRAS,0.7910486
DDX5,0.79068357
THBS3,0.79032385
MIB1,0.7902921
LAMB2,0.7902727
NKX2-1,0.7901851
DTX2,0.78991216
CNTNAP3,0.78896123
TLR8,0.78882295
HIST1H3G,0.7887937
PTPRC,0.78875333
GLUL,0.78754026
CMYA5,0.7873653
FRS2,0.78732723
KRT14,0.7870063
WNT3,0.78694856
SDK2,0.78693646
PEAK1,0.7866573
CA4,0.78652114
PIK3AP1,0.7865209
PCDHB12,0.7864323
RBM12,0.7861569
CD2AP,0.78602165
COL9A1,0.7859443
RGS12,0.7856796
TNKS1BP1,0.7853348
EEA1,0.78527653
HNRNPA1,0.7849175
MINK1,0.7846848
MEGF10,0.78465086
TINAG,0.78400844
FKBP15,0.7837201
HMMR,0.78336006
NR3C2,0.7832346
HDLBP,0.78322875
VAV2,0.7831408
SCFD1,0.7830512
IL2RG,0.7829064
ZNF804B,0.78284955
MAGED1,0.78265446
COL5A2,0.7823877
STEAP3,0.78219694
TOP2A,0.7817183
KMT2E,0.78130025
SRGAP2,0.78099006
DUSP3,0.7806956
ACPP,0.7805611
MARK2,0.78043085
PHLDB2,0.78036803
COL10A1,0.7803146
SMARCD3,0.7799293
ATP2B1,0.779882
SLC9A9,0.77970475
TNF,0.77940065
EI24,0.77933156
TGFB2,0.7791029
ZFHX3,0.7788978
NUP98,0.77884907
ARHGAP36,0.77874017
RAP1B,0.77869755
PRLR,0.7786786
DLK1,0.7781362
AFF3,0.7781257
ZMYND8,0.77806306
TDRD1,0.7780293
SEC16A,0.7778052
CARD11,0.7777102
TRHDE,0.7776196
KANK1,0.7774935
AMER1,0.7771272
PLCH1,0.7770374
NUP160,0.7770246
TRIM33,0.77686834
ABCA1,0.77683526
NOS2,0.7766767
RPS6KA6,0.7766292
GIMAP8,0.77660584
FASN,0.77633506
FANCI,0.7762197
KANSL1,0.7760408
MTMR4,0.7760152
CD82,0.7757155
PRKD2,0.77571255
SON,0.7755962
CLIP1,0.7755292
NLRC5,0.7752884
ZMIZ1,0.7752267
CDC14A,0.7750841
PPP1R9A,0.7750502
NES,0.77487147
VAV1,0.7748667
SMAD1,0.77454776
GAK,0.77446175
TP53BP2,0.774239
DPP10,0.77380186
SAMSN1,0.77356976
TGS1,0.77274364
TDRD9,0.7724335
PDZRN3,0.7720973
PTPN5,0.7716393
CACNG5,0.771244
DTX4,0.7712317
MBD3,0.7712103
PAXIP1,0.77116495
NEXN,0.77115846
HCFC2,0.77055126
SLX4,0.7704976
CENPF,0.77029806
NFE2L1,0.7702433
UBE4A,0.77017534
IL7R,0.7699132
BCLAF1,0.76983047
TNKS,0.7697076
CTNNAL1,0.76955265
MYOC,0.7694215
SETD1B,0.76870996
RNF34,0.7683895
RUNX2,0.76795
VAV3,0.7678324
EEF1A1,0.7677914
RAB35,0.7672747
AP2M1,0.76724625
NLRP5,0.7666288
MID1,0.7666159
APLNR,0.7663818
ZNF469,0.7663531
RBP3,0.7661751
RXRG,0.76555365
CHKB,0.76480013
CLTC,0.7647371
BRD3,0.76470506
PLEKHM1,0.764685
PRMT6,0.7644097
ETS1,0.7643448
CASK,0.7643026
PLK2,0.7642901
CCNH,0.7637074
PEG3,0.7635358
SMURF1,0.76349455
HIPK2,0.76339215
MYH13,0.7631988
HDAC6,0.76319677
RRM2,0.7630136
DUSP4,0.76279944
CBFA2T3,0.76272076
FBN2,0.7626814
CAMSAP1,0.76266855
SYNPO,0.7625612
PPP2R2D,0.76255107
TNS2,0.7624919
ITPR3,0.76247567
PPARA,0.7624648
ARHGEF6,0.7623719
CDCA7,0.7623301
CAMK2N1,0.76218516
KPRP,0.7619433
MAK,0.7618873
IL1B,0.76151764
RAI1,0.7606613
ATXN1L,0.7606406
NUP188,0.7605752
CAPN10,0.7601628
RANBP17,0.76014733
UBE4B,0.7600811
AGBL2,0.76008093
CD36,0.7599054
KHDRBS2,0.759765
PFKFB1,0.75960785
TMTC1,0.75956565
CEP120,0.75951463
SSX7,0.7592261
DLG5,0.7592068
PDGFD,0.75912076
PXN,0.75896996
ZNF644,0.758861
DOCK3,0.7587928
GPR63,0.7586627
HSPA5,0.7586613
MYBPH,0.7575783
CDC16,0.7574639
PRKCQ,0.75744337
TLE3,0.7570626
MAD2L1,0.75671977
MYH2,0.7564274
CCDC62,0.7561736
UGGT2,0.7557362
ATP7A,0.75549173
PRKCZ,0.7554465
CAPN1,0.7553534
GOLGA4,0.7552634
HSPA1A,0.75523454
NOTUM,0.75490314
NUP107,0.7547391
SMARCA2,0.75462073
ALB,0.7546161
ACTG2,0.75452554
BCAS1,0.7544537
GLIS3,0.7542571
FNBP1,0.7542356
OTOF,0.75418645
GPC5,0.7541451
IDS,0.7540524
DTX1,0.75402826
MSH6,0.75376904
EEF2K,0.7537613
GRHL2,0.7536775
ZNF26,0.7534916
DNAJC6,0.7531447
BCR,0.7530475
HDAC3,0.7529699
SFRP5,0.75294167
GNB5,0.7528914
HIST1H3H,0.7528576
CDC73,0.75285506
CPEB2,0.7524084
FZD1,0.7523139
XRN1,0.7520487
DPP4,0.7520323
FYN,0.7519003
LRP12,0.75155383
ADGRB3,0.7514271
CSNK1G2,0.7502427
CARD14,0.75011957
ADH1A,0.7499637
ACIN1,0.74957424
TLN2,0.7495043
FAN1,0.7493046
CALM1,0.7492709
GPSM2,0.7491268
LPP,0.7489982
PTPN3,0.74887186
SOX6,0.7488715
ACTN1,0.7488696
ADD2,0.74885535
ATP11B,0.74871427
AKR1C1,0.7486629
MPZL2,0.7486112
CCT7,0.7481021
PRDM16,0.74774975
DUSP2,0.7475765
MUC6,0.7474604
SHC4,0.7473536
BLM,0.74709684
CRB1,0.7470798
CELSR1,0.7469083
CEP72,0.7468963
SENP1,0.7468937
KLHL13,0.74655694
DTL,0.7464312
MYH4,0.74640006
RANBP9,0.74639046
ACOXL,0.7463129
KIF13A,0.7461702
RNF128,0.7461336
SNCAIP,0.74610907
THRB,0.74608105
RBM15,0.7459747
DSG1,0.7458453
EIF3I,0.745552
CCNB2,0.7453493
CACNB1,0.7453007
CDK13,0.7449373
NUMBL,0.7446833
TP53AIP1,0.7443666
SNAI3,0.74429137
P4HA3,0.7440527
PPP1R12A,0.7439848
HELB,0.74382865
WRNIP1,0.7437235
LRFN5,0.7436592
NCAM1,0.7434077
CYCS,0.74334484
SSRP1,0.7430831
ZNF41,0.7430335
WFDC5,0.7430288
POLA1,0.7429805
TFAP4,0.74279183
NHS,0.74268526
WNT7B,0.7425614
PCSK7,0.74251187
EXOC4,0.7424843
RAD18,0.74246377
MYO18A,0.742412
SFRP2,0.7423626
ARHGEF4,0.74217427
MAMDC2,0.7420727
RASGRP4,0.741973
TRIOBP,0.74165684
IL4,0.7415414
CCNA1,0.74127597
KIF16B,0.74114144
MTA2,0.7410149
ANO5,0.74041206
MAP4,0.7403799
BMX,0.74027693
MYO5A,0.74027616
CABYR,0.74027014
MYBPC3,0.74018836
HTR3B,0.7401083
ARHGEF7,0.7398186
PTPRK,0.7397526
DAB2,0.73962855
MYLK2,0.73950005
CELSR2,0.7393582
RBFOX1,0.73926616
WNT5A,0.73915255
GDNF,0.73913854
SLC4A1,0.7389133
RNF31,0.7388702
MYBPC2,0.73869556
CERKL,0.73844874
ZHX3,0.7383622
HNRNPUL1,0.7382095
SUPT5H,0.73803973
USP6,0.7379478
TES,0.7379112
DACT1,0.73776186
CAD,0.73732096
GAPVD1,0.7370066
DLST,0.7368951
GRIA4,0.7368302
DUSP7,0.73655707
WAPL,0.73648775
DLGAP5,0.73646516
PCDHB2,0.73573107
PRKCI,0.7356878
G6PC,0.73565644
NUAK1,0.7356538
MBD1,0.7351079
INTU,0.73451746
ETV1,0.7342175
ARHGAP24,0.73412687
STAP2,0.7341093
PCDHA11,0.73380697
TLL1,0.7337865
TENM3,0.73376685
INS,0.73354644
CPS1,0.73341584
SHANK3,0.7333622
EML1,0.7332951
TROAP,0.73321867
SLK,0.73293316
PLXNB3,0.7328997
SSR2,0.7327063
DIAPH2,0.73269737
CYFIP2,0.7324114
RABEP2,0.7323446
UGT2B7,0.73206586
WNT2,0.7319839
MYH11,0.73177683
FGF6,0.7315863
EIF4A2,0.7315273
NMT1,0.73149794
SYNJ1,0.7314924
ACSM2B,0.7312888
F2R,0.7311636
PRSS12,0.7309618
CPN1,0.7309284
PRMT5,0.73090655
CALM3,0.7307049
RAD17,0.73063695
POU2F2,0.73051214
PASK,0.73044336
CASQ2,0.730345
STARD9,0.73029083
ILK,0.7302806
YEATS2,0.73024285
FEZ1,0.7301179
MTM1,0.729852
PPP2R2B,0.72971576
PCOLCE2,0.72966206
HSPA4,0.7295828
TPM1,0.72926015
TLL2,0.72890717
CCDC8,0.72884315
TRIM55,0.72881114
EPS15,0.7283546
AFF4,0.7283246
TACC1,0.7281791
WDR33,0.72811246
TRPC4,0.72807574
RASAL3,0.7279599
SPG11,0.7275416
ACTA1,0.727493
RAB40A,0.72741175
CACNG4,0.7273207
SCAF4,0.72731346
GRB10,0.72717106
DUSP9,0.7270985
PLIN1,0.72708267
IGSF10,0.72702104
A1CF,0.7269547
SAMD4A,0.7269192
ESYT1,0.7268904
PER2,0.7268729
HEG1,0.7267981
HMGB1,0.7267924
ARHGEF12,0.72659165
DOCK1,0.7263215
CLCA1,0.72607356
CDYL,0.7260653
CR2,0.72565407
AP2A2,0.72561765
HIST3H3,0.7253954
GRB14,0.72535634
SORL1,0.7252762
TRIM41,0.7249964
ZNF462,0.7249647
RIPK1,0.72470516
MST1R,0.724257
PFKFB4,0.7242371
NPC1,0.7241996
CPSF6,0.7241467
CAV1,0.72399825
TMEM175,0.7236726
PAPOLG,0.7236507
PRPF8,0.7233077
FUBP3,0.7227382
NLRC4,0.7225322
CHD5,0.7224356
CD2,0.7224311
TJP3,0.7222764
PARD3,0.7221837
DCC,0.7221079
XRCC6,0.7219405
BCL11A,0.72190404
TRIM23,0.7219022
ATAD5,0.72188485
ZC3H14,0.72140074
MPHOSPH9,0.7213736
MED13L,0.7212924
EIF4E,0.7211502
UBR2,0.7206633
RNF220,0.7206407
SPRTN,0.72057694
CEP89,0.72048336
EPB41L1,0.72023773
SIGLEC10,0.7202298
NEK1,0.72016895
YTHDC1,0.7201127
RFX6,0.72005516
SREBF2,0.72003853
CFHR4,0.71943563
EPN1,0.7193956
RDX,0.71932214
PADI4,0.7192778
RAN,0.71897054
KDM6B,0.71868694
EED,0.7182826
SERPINA4,0.7182763
FAM13A,0.7179528
UBE3C,0.71790326
PLCG2,0.7178832
EVL,0.717782
DSTYK,0.7177258
GLYAT,0.71771425
SEC24C,0.717106
UNC45A,0.71673393
PCDHGA9,0.7166651
UBN1,0.7166542
ROBO4,0.71661586
ANAPC5,0.71634257
ZNF318,0.71618843
NBEA,0.71614224
AP2A1,0.7160892
ITGB2,0.71586543
DLG4,0.71568346
NBR1,0.7156421
EPHB6,0.71546525
HSF1,0.7153779
SNX13,0.7152624
TF,0.7150155
UBTF,0.7147506
E2F4,0.71450824
GPHN,0.71449476
CUL4A,0.7143748
UTP20,0.7142187
DCHS1,0.7141972
SIRT2,0.7141534
RPGRIP1L,0.7138845
EPAS1,0.71380544
CEP164,0.71346366
DVL3,0.7132086
MAPK4,0.713137
CORIN,0.71306
TPM3,0.71304125
RIPK3,0.71296036
GOLGA3,0.71288174
PCDHA1,0.7127363
PCDHB11,0.71264625
KIF4B,0.7126409
MYH10,0.7126344
ASH1L,0.71262646
ARHGAP5,0.7125448
NXF5,0.71241945
CDH9,0.7122908
AAK1,0.7120637
CCDC14,0.7117513
CTCFL,0.7115082
PTPRG,0.71129334
ITK,0.7112175
DCLRE1C,0.7105616
CD200,0.7104533
TNS1,0.7104474
PGM5,0.71031415
EIF4EBP1,0.7099618
NID1,0.7098449
RAB11FIP1,0.709746
WWC1,0.70968384
PACSIN1,0.70934993
IRF2,0.70920146
HIST1H3I,0.7090345
AMOTL1,0.7089418
SLC25A13,0.70892406
BTNL8,0.708811
ELF4,0.708452
INPP5D,0.7083882
NCKIPSD,0.7081758
KPNA3,0.70769984
TBC1D2,0.70717853
ALOX12,0.70709574
ITGAE,0.7070836
REN,0.7070671
RFC1,0.7070553
UBE2D3,0.70705056
TIGD2,0.7069214
ZWINT,0.7068085
PRKCE,0.7066186
ITGB6,0.70656353
ERCC3,0.7061809
ITGA7,0.70617115
CLSTN1,0.706016
ZNF85,0.70601124
CDK12,0.7059157
HMGA2,0.7057213
DGKD,0.7056943
FBXL14,0.7055507
PPP2R5B,0.70535916
STON2,0.7052787
COPS6,0.7050824
EDC4,0.70505697
PIAS3,0.7046851
MTF1,0.70458716
BAZ2B,0.70445985
NR1I3,0.70428044
AMPH,0.7039113
TNK2,0.7039075
PTPRU,0.70330423
CREB3L3,0.7032067
FBLN5,0.7032006
USP7,0.7031244
BRINP1,0.7031176
RBM20,0.7024242
ACVR1C,0.7021061
C7,0.7020107
CNTN2,0.70164376
RHEB,0.70157987
FLAD1,0.7015288
HEYL,0.701492
HIST1H3E,0.7013026
CSDE1,0.70097435
DVL2,0.7009316
ERRFI1,0.7005631
HIST1H4F,0.700486
CYP4A11,0.7003981
ANXA1,0.69990766
IGSF5,0.69985276
NR3C1,0.6991915
SSH2,0.69911486
ZNF304,0.6990132
TARBP1,0.69883835
GATAD2A,0.6988041
MYH7B,0.69867516
BCORL1,0.6986502
GRIN3A,0.6984235
ZFYVE26,0.6983758
EGR2,0.69827515
TUBGCP2,0.69823855
KCNA5,0.6981655
SHROOM2,0.6981311
ADAMTSL1,0.69787353
MUTYH,0.6976582
KRT4,0.6974631
RAD9A,0.69733185
XPO7,0.6972726
TUBG1,0.6969765
VRK1,0.6967805
HOXB2,0.6966457
FLI1,0.69642526
IFNAR1,0.69638383
KIF5C,0.6962509
SVIL,0.69624585
FLNC,0.6962158
ANO3,0.69604963
SRRM1,0.6958933
TBX5,0.6958556
MSTO1,0.6958201
HOOK1,0.6956622
AGO1,0.6956303
DSC3,0.6954006
RBM6,0.6953641
LATS2,0.69499755
NUP155,0.69483346
NCF4,0.6948311
SRSF11,0.69452554
PCDHGC3,0.6945254
CTBS,0.6944961
EPHB3,0.69449323
C6,0.69437677
SBF2,0.6941471
KLC1,0.6941308
ZEB1,0.6941001
PTPN14,0.6940373
HS6ST2,0.69392085
ATF7IP,0.69386053
TUBA1B,0.6936796
CD14,0.69361424
KIF5B,0.69341576
PLCL2,0.6928367
PAX5,0.6927796
EGR1,0.6924446
FABP4,0.692214
LAMC3,0.6920764
PROX1,0.69192576
INPPL1,0.6915883
PXK,0.69147193
RTN4,0.69140476
AP3B1,0.69132304
SLC17A7,0.69123405
XPC,0.69102407
DDX25,0.6908622
MMP9,0.6908096
OLFM4,0.6906364
EDAR,0.69055873
CRMP1,0.6902971
MKX,0.6901959
EEF1A2,0.69018257
ERCC5,0.69013786
PRKAR2A,0.6900791
ZNF711,0.6900403
DDB1,0.6900391
IKZF1,0.68998265
SYP,0.6899039
ARID5B,0.689726
SIRPA,0.689195
CMIP,0.68904954
DYSF,0.68898845
EXPH5,0.6889639
CX3CR1,0.68873596
ICAM1,0.6885744
CSNK1G3,0.6879549
GRID1,0.6879141
THYN1,0.68787926
BCL11B,0.68766886
IQGAP1,0.6875072
ESCO2,0.6874802
PLA2R1,0.6871973
BMI1,0.68626
GBP5,0.6862303
TLR5,0.6858869
NFE2L2,0.68565995
LIG3,0.6852889
TNS4,0.6852271
KCNMB2,0.6852192
TEAD2,0.6851272
UBE3A,0.6851063
CDK5,0.68501985
TFAP2C,0.6849863
MICU3,0.68483657
ANKLE2,0.6848241
NCAPH2,0.68450046
FOXM1,0.68440944
FOXK1,0.6843718
CRIM1,0.68434644
ADGRD1,0.6841318
SATB1,0.68405235
MSH5,0.6840107
DCLRE1B,0.6838882
PADI3,0.683722
GABRR2,0.6833433
TSPYL2,0.68317246
KDM5B,0.6829375
TYK2,0.68255335
AARS,0.68252933
ABLIM2,0.6822849
DOK1,0.6821072
SF1,0.6818811
NTM,0.68185586
RBBP8,0.6817246
ZBTB33,0.6812838
PCGF1,0.6810608
PSG1,0.6809637
FMOD,0.6808136
GAS7,0.68071395
GBF1,0.6806637
HIST2H2BE,0.6806403
PPFIA2,0.68053365
RPRM,0.68051594
NR2C2,0.6801952
YY1,0.68019015
DGKG,0.68014747
NCOA7,0.6796741
RUFY3,0.67962825
ZNF106,0.6795082
TLE2,0.6794014
TRPC4AP,0.6791939
CDH3,0.6791149
PANK4,0.67908466
DDX20,0.6790266
CPT1A,0.6790252
DVL1,0.6787582
FAM171B,0.67875594
CLOCK,0.6787474
MTSS1,0.67871237
AIFM1,0.67863184
GNB1,0.6785209
CHRM2,0.67849773
MGMT,0.6784964
ONECUT1,0.67838866
PTPRN2,0.67837596
KLHL7,0.6779749
MNAT1,0.677925
ATXN3L,0.6777679
ZNF461,0.6776869
CSTF3,0.6775582
SIGLEC6,0.6774181
KL,0.6773829
PHF2,0.6772503
FERMT1,0.6771799
GFI1,0.6769955
ZNF518A,0.6768992
PRC1,0.67682713
STK3,0.6766883
KDM1A,0.67661434
MSH4,0.67658967
CSF2RA,0.67646307
CDT1,0.67599744
IL17RA,0.6758367
CLCN5,0.6752262
HECW2,0.6750671
MCOLN2,0.6747018
PTPN4,0.6745621
CDH8,0.6738623
DYNC1I2,0.67376566
SULF1,0.6737534
MYOM1,0.67351156
OAS2,0.67348653
NLGN1,0.6734047
ADH1B,0.6731938
NR4A3,0.6725945
CLASP2,0.67196596
PLXNA3,0.6717352
S100B,0.6717226
SNTG2,0.6713946
PAK3,0.6713527
CCDC88A,0.6712847
VPS18,0.6712631
UBE2I,0.67121196
HTR2A,0.67110217
FSIP2,0.6710453
ANPEP,0.6708495
MRAP,0.6708031
SUPT6H,0.67052996
TUBGCP6,0.67044896
GRIA3,0.6704379
SH3PXD2B,0.6703865
FGD4,0.67029804
CLIC5,0.66995656
HIST1H3D,0.6699005
THRAP3,0.66973525
PADI6,0.6696749
KCNB1,0.66954625
NCF1,0.6695132
ATP11C,0.66924614
SPTBN2,0.66924345
ARNT,0.6690841
CNST,0.6690382
IRAK3,0.66888976
MAN1B1,0.668698
NUP214,0.668156
CEP192,0.6680729
ASH2L,0.6679035
RTF1,0.66768
BRPF3,0.66766423
SP140L,0.66765785
PSG6,0.66764957
STAT1,0.6676457
SORBS2,0.6676016
SMG5,0.6675099
HIST1H1B,0.66720265
H3F3B,0.6667635
CEP162,0.66674083
SEC31B,0.6663727
KIF3A,0.66631335
MLLT10,0.66606885
CTTN,0.6659186
CADM3,0.6658253
NUP133,0.66582376
EZR,0.66581243
RARB,0.6655905
UGT8,0.66558707
AFF1,0.66557425
RHOC,0.66541344
PIAS1,0.6652313
IRF3,0.66501063
PTPRO,0.66485393
GRM4,0.6647377
AGAP1,0.6646331
SH3BP5,0.6644519
ZAP70,0.6644155
ARL4C,0.66408193
PYGO2,0.6636303
TET1,0.6634008
ERF,0.66311586
SPECC1,0.662807
MUS81,0.6627591
CBX2,0.6627532
MYRIP,0.66247517
ABI1,0.66247475
TRAF1,0.66240287
PCF11,0.66234434
PTK7,0.6623424
AARSD1,0.6622899
KIAA1217,0.662243
FMR1,0.66186625
HTRA1,0.6618203
AGO2,0.66086763
MAVS,0.6608329
HIST1H2BE,0.66064566
CENPB,0.660505
SBF1,0.6604724
ING2,0.6601228
KRT5,0.659886
FOXO1,0.65979576
DYNC1I1,0.6596728
NEUROG2,0.65954524
OSMR,0.6594106
E2F2,0.65937907
GATAD2B,0.6592163
TNPO1,0.65918624
KIF5A,0.6589771
ARHGAP27,0.6589732
TEAD1,0.65894365
BAG4,0.6589148
COL9A3,0.65869194
CNTNAP2,0.6584357
SRGAP3,0.6583943
MORF4L1,0.6583937
SPRR3,0.6578388
PCDH18,0.65734047
RAD51C,0.6573313
EPB41L2,0.6572118
LRRC8C,0.65720296
ACTN4,0.6571452
CNOT2,0.65692097
SOX10,0.65690565
ZBTB20,0.6568593
STUB1,0.6565612
PYGM,0.65623975
GNPTAB,0.65597755
MOAP1,0.6559697
MMS19,0.6558079
BACE1,0.65580475
BACH1,0.6557965
SENP7,0.6554872
CHTF18,0.6553123
NONO,0.6550633
LCK,0.65494287
INTS2,0.654914
FBXO7,0.6548769
LRPPRC,0.65484756
PEX6,0.65474534
FBXO24,0.65447307
PADI1,0.6542691
NDN,0.65406495
ADAM12,0.6531089
ADGRA3,0.6523882
FRMD6,0.6522276
RNF8,0.65214694
PLK3,0.65197164
NMNAT2,0.65192175
NOD2,0.6518852
SV2A,0.6518661
LAMTOR5,0.6518029
CDHR2,0.651626
RPA1,0.6511963
NXF1,0.65116215
GPR161,0.6510621
ARID3B,0.6510602
SQSTM1,0.650977
BCL10,0.65092635
IL6,0.6505619
NOVA1,0.6504692
OSBPL1A,0.65036964
INPP5E,0.65031224
NOD1,0.65020645
TNFSF13,0.65007347
THRSP,0.6500117
DCTN1,0.6499838
EIF4E2,0.6499392
USH1C,0.64993435
PAPPA,0.64976096
KLF15,0.6497552
CFLAR,0.64973974
DHX15,0.6496547
SEMA3A,0.6494841
ZFP36L2,0.6492472
RAD51B,0.6490651
PPP2R5E,0.6488894
TLE4,0.6488611
MLST8,0.64878166
REM1,0.64856416
ZFP42,0.648459
TLE6,0.6482964
MYO1C,0.64821476
DIXDC1,0.64808494
SMYD1,0.6476342
GUCY1A2,0.64752185
MYO16,0.6474315
SLIT2,0.64734995
KCND3,0.64725655
WNT1,0.64722186
CTTNBP2,0.647201
NSF,0.64707804
TRAK1,0.6470698
GABARAPL1,0.6470679
CHL1,0.6468776
KCNA4,0.6468479
SYCE1,0.6468269
KIAA0319L,0.64682615
SOX13,0.6467281
CDH5,0.6466575
APH1B,0.6462536
NEDD9,0.6462067
DNAJB4,0.6460544
EIF2S1,0.64587384
VCAN,0.6457538
CHML,0.6454775
SLC6A17,0.64534205
HNRNPL,0.6453244
RPA2,0.6452999
GRIN2C,0.64525926
GYS1,0.64522094
SAFB2,0.6451362
PKP2,0.6449676
PSMC5,0.6448236
EHBP1,0.64460826
ATG4A,0.644501
PPP1R14A,0.64445835
CFHR3,0.6444083
PTGS2,0.6442946
CUL3,0.6442615
RBBP5,0.64421046
RBM25,0.64416414
ITGB8,0.64413387
MCM3AP,0.64408815
AP1G1,0.64393824
GPR153,0.6438753
AP1G2,0.6436404
KIF3C,0.643295
VDR,0.64328
CHFR,0.643278
SPICE1,0.64325285
ETV3,0.6431202
MSN,0.6430097
TFDP2,0.64259756
ACACB,0.6424365
UHRF1,0.6423827
FARP2,0.64237183
CHIA,0.64222765
NPAS3,0.64203495
CD1E,0.64201295
ING1,0.6418642
BMP1,0.6418579
SWSAP1,0.64181316
GAB2,0.64163595
GPT,0.64112574
HCK,0.64106077
RLIM,0.64102954
DUOX2,0.6409882
SH3D19,0.64044267
XRCC5,0.64042604
HERC5,0.64018685
RIT2,0.6400772
TUBA1A,0.6399759
CDKL1,0.6399663
USP44,0.63935965
ZFPM1,0.6393583
KPNA2,0.6392608
CASP2,0.6389117
NBN,0.6385652
SUMO1,0.6385414
AQP11,0.63852185
NCL,0.63850236
NOLC1,0.6383132
MALT1,0.63818616
NMT2,0.63800395
HIST1H3F,0.63798547
HNMT,0.63768107
EHD1,0.6376541
C9,0.637397
CHN2,0.6373214
DUSP6,0.6371873
DYNLL1,0.6370018
CDK2AP1,0.63684505
HAP1,0.63662666
CHRD,0.6365929
NRXN3,0.63639814
DCD,0.63630396
BCCIP,0.63610107
TCAP,0.63601667
DSG3,0.6359009
ANKRD28,0.63572395
SYT2,0.6355496
BAZ2A,0.6353738
CHD1,0.6353242
MEF2A,0.6352872
SLC6A3,0.63495135
ZNF268,0.63490677
LRPAP1,0.634732
KIFAP3,0.6344937
CFI,0.6341794
SETDB1,0.63414955
FANCC,0.6339577
REST,0.63394934
PCYT1B,0.63386816
HSPD1,0.6338398
KIF13B,0.63382584
RAI14,0.63375276
KCNJ12,0.6336834
DUSP15,0.6336389
NPC1L1,0.6332975
HIF3A,0.63322175
PLEC,0.63312143
ARHGEF1,0.6330575
KLHL3,0.63288075
NUP210L,0.6327893
TRIP10,0.63266903
PRKAR1A,0.63266647
DLG2,0.63264096
KIF2A,0.6326165
CALD1,0.63250333
CIDEC,0.63230443
HDC,0.6320453
ANKRD1,0.63183355
CDC14B,0.63178116
CAPN6,0.63161063
FAP,0.63138443
MAPKAP1,0.6312193
PUM2,0.6311275
ERCC6L,0.6308572
DGKA,0.6307532
LPL,0.63055915
AK5,0.6303975
ETS2,0.63027704
METAP2,0.6301959
MARK1,0.6300669
NQO2,0.630019
GAB1,0.6299481
TNIK,0.629803
USP11,0.62965333
TRRAP,0.629603
LYVE1,0.6295184
TRAF3,0.6294793
RALGAPA1,0.62944525
ATP1A1,0.6294277
S100P,0.62939155
RAG1,0.62925977
SERPINA1,0.62918186
ANXA6,0.6291065
FKBP5,0.62906885
HIST1H3J,0.6289625
ZNF407,0.6288768
ELMO1,0.6287995
RAD52,0.6287831
RTEL1,0.6287089
LCOR,0.6286441
EIF2B5,0.6286053
ITPK1,0.6281647
ADAM15,0.6279983
VLDLR,0.62778604
TOPBP1,0.62777215
HIST1H3A,0.6275421
HACE1,0.6275082
CKAP5,0.62735176
TBX4,0.62729484
RAD54L,0.6272924
CCL14,0.6271577
ATF3,0.62698334
ZNF436,0.6269264
ARAP3,0.6267358
QARS,0.6267157
TBCD,0.62651503
ORC6,0.62644714
PREX1,0.62627065
ZNF420,0.6261936
DDX58,0.6261709
CIITA,0.62617075
PALMD,0.62605757
FAM110A,0.6259487
IGBP1,0.6257977
GSK3A,0.625709
TRIM2,0.625688
CYP2C18,0.62567025
IKBKE,0.62535375
PPP6R2,0.62527424
CTNND1,0.62522495
MME,0.6247793
DIRAS2,0.62471837
CLEC17A,0.6245937
RICTOR,0.6245319
GPD2,0.6243532
TRO,0.62417996
CUX2,0.6241297
GABRR1,0.623782
MYL2,0.6237569
SNX27,0.62368256
ADCY7,0.6235515
DNMT3L,0.6232249
ZW10,0.62314415
NR0B2,0.6230421
SDCCAG8,0.6224693
GRB7,0.6224343
RHOBTB3,0.62229764
BMPR1B,0.62225586
PKD2,0.62217224
HIST1H4A,0.622135
FAR1,0.62212753
ITGAX,0.6220192
PRDM14,0.6218355
ASCC3,0.62181574
LDB3,0.6214448
OMG,0.62139386
CGA,0.62129843
GABRA2,0.62108064
AGRN,0.6209054
GFRA2,0.620788
LPA,0.6207144
HIST1H4H,0.62069684
JDP2,0.62042886
SOX5,0.62030995
ESR2,0.6201697
NUP50,0.6201654
CYP24A1,0.6200076
MYOCD,0.6197799
IL17B,0.6197205
TRIM24,0.6195344
TKTL1,0.6195156
POM121,0.6193566
WNK2,0.61928624
AP4E1,0.61899704
HMGB2,0.6189835
EGLN2,0.6188039
MAP1B,0.61864007
SFI1,0.6184688
EFNA5,0.6184399
GLCE,0.6182448
MYBL2,0.6180313
ANKRD17,0.61787695
WIPF1,0.6177906
KIAA0753,0.6176233
F11R,0.61760503
IL17RE,0.61740804
LIPE,0.6173315
ADRB2,0.6173232
USP36,0.6172423
IL1A,0.61717874
SMARCC2,0.61690575
CD300LG,0.6167546
HJURP,0.6166878
EIF4G3,0.61658955
MYOD1,0.6163919
OFD1,0.61636645
TCF20,0.616233
PTPRE,0.61617255
COL5A3,0.61601615
PHF21A,0.6159584
RAD51,0.6158271
BAG6,0.6156242
DRP2,0.6154956
MAD1L1,0.6154739
GRIN2D,0.6154321
OSM,0.61534023
VIM,0.6153134
TDRD5,0.61524767
XRCC3,0.61514825
HDAC7,0.6148259
RNF123,0.61482495
TAF9,0.6148234
RAD51D,0.61478066
ZWILCH,0.6143316
IPO5,0.61409104
NUP153,0.61407596
LSP1,0.6136009
NFKBIZ,0.6134697
MYPN,0.6134021
HID1,0.6132174
ODF2,0.61309606
SMAD7,0.61308086
KIF27,0.6130076
PACSIN3,0.6129347
PCM1,0.61280525
NAALADL2,0.6126573
SPACA1,0.61246276
HOXC13,0.61238825
FANCE,0.6123377
CBFA2T2,0.6122767
MICAL3,0.61205786
COPS5,0.61205584
PLD1,0.6120094
DES,0.6119999
IL16,0.6118994
PRMT9,0.611787
SZT2,0.6117418
SMARCD2,0.6115675
CEP152,0.6115447
SCG3,0.61154294
TNFRSF1B,0.6111559
PTPRM,0.61110324
CD83,0.6109369
SIK2,0.61085945
CADPS2,0.6108434
CD247,0.6105193
SCN4B,0.6096004
LIMS2,0.60956234
NPAS2,0.60920835
KCTD3,0.6091318
SLC22A16,0.6089378
MMP11,0.60881394
NRG3,0.60874647
BCAR1,0.6087068
NLN,0.60867256
ADIPOQ,0.60856843
PCGF5,0.60848576
ZNF419,0.6083919
PI4KA,0.60835063
PER3,0.6083333
RAPGEF1,0.6083293
AP2B1,0.6081434
DOCK2,0.6078371
DDX6,0.6076243
GAPDH,0.6074202
CSNK1D,0.6072709
ADCY9,0.6072636
GPRASP1,0.607166
COLEC11,0.60713667
NR2F1,0.60710686
MAGEH1,0.606994
ADD1,0.60699373
PHF8,0.6069873
ABCB11,0.6068088
PNN,0.6066879
SREK1,0.60650194
MYO9A,0.60638046
CBX8,0.6061385
KDM1B,0.60611033
ACTBL2,0.6059916
PLXND1,0.6059645
ACVRL1,0.60592353
DCLK1,0.6058443
PITX2,0.60576147
CEP135,0.60550916
TDRD7,0.6054604
ZEB2,0.60544777
KIAA1549,0.6052088
HDAC9,0.60518575
JUP,0.6050046
CCDC125,0.6049571
PEAR1,0.6047532
NCK2,0.6046741
PDE6B,0.6044852
C2CD3,0.60447687
NACA,0.60439503
GRIK4,0.6043532
MYL12A,0.6042907
CD22,0.6042158
FGA,0.60420465
TGFBI,0.60416704
TRPC6,0.60416484
SPI1,0.6040985
IFI16,0.60407394
HIST2H2AC,0.6040702
LCP2,0.6039664
KIF21A,0.6039162
FABP1,0.60365134
CPE,0.60345227
PPARGC1B,0.6033122
RAD50,0.60330045
VCP,0.6031687
NBPF1,0.60306495
CEP68,0.6030446
OGDHL,0.6029697
RAD54B,0.602966
ACVR2A,0.6028339
PTGS1,0.6027752
PNKD,0.6027488
VIT,0.6026659
DYRK1B,0.60258263
HIST1H2BG,0.6024582
ZNF385B,0.6021995
ACVR2B,0.6021754
PRKCH,0.60215026
ADCY5,0.6021426
AIRE,0.60184115
NRG2,0.601804
NPAS1,0.6017172
HMGN2,0.6016413
VCL,0.60161334
BNC1,0.60132724
STARD8,0.60128057
KCNQ3,0.60123813
EBF2,0.6012083
ETV5,0.6012069
DDX4,0.6010729
MYO5C,0.6008343
SLC30A9,0.6006852
NRAP,0.6005393
HAVCR1,0.60000676
LYN,0.6000041
TNR,0.5999808
IREB2,0.5997871
POLH,0.59955263
ST3GAL3,0.59942454
VIL1,0.59908503
UNC80,0.59893197
BNC2,0.5988211
SLC30A10,0.5984583
UIMC1,0.59838563
MEGF11,0.59835225
CAMSAP3,0.5981415
EFNB2,0.5977411
USO1,0.59755343
RPA3,0.59737694
POLD4,0.59730875
AP4M1,0.59697646
TUBGCP3,0.596857
CDH2,0.5968233
SH2D1A,0.5968153
SLCO1C1,0.5968125
CAPZA2,0.5967337
RUFY1,0.59648544
TNRC6A,0.59640944
BCHE,0.59609175
PID1,0.5959222
HPS4,0.5959139
MYCN,0.59572774
BCL6,0.5957015
ZNF214,0.5955596
TRPV6,0.5951108
CASR,0.5951059
XRCC2,0.5950882
PMS1,0.5949848
DNASE1L3,0.59490913
KIF23,0.59486574
NUF2,0.59478194
KRT6B,0.59477365
WDR82,0.59475833
MELK,0.59466004
CD44,0.594616
PCSK6,0.59416187
DPF3,0.59398353
HIST1H2AI,0.593952
MOV10,0.5937793
HIST1H3C,0.5937633
PLIN4,0.5936886
PLAGL1,0.5936586
NAT8L,0.5936559
FUS,0.59351724
TJP2,0.5934948
FBXW8,0.59319466
TEC,0.59305584
SLC12A5,0.5929558
PDXK,0.592707
RASAL2,0.5926461
RECQL4,0.5923068
SYNGAP1,0.5922333
IRF5,0.59197384
CNTN4,0.5919628
MAGEC2,0.5919539
RPH3A,0.59181875
ADRB1,0.5917426
BRCC3,0.59170353
HIST1H2BH,0.5915803
BAIAP2L1,0.59155375
FBP1,0.5915296
FGF14,0.5914738
CACHD1,0.5913362
LPAR2,0.59101886
HCLS1,0.5908965
PIK3C2A,0.59087557
PCK2,0.590843
SLC26A9,0.59082675
BABAM2,0.59060484
SALL4,0.5895122
HIST1H2BB,0.5892414
ZNF99,0.5891315
DNPEP,0.588826
KIF26A,0.58879226
HIST1H4K,0.5887498
FBXO25,0.588624
ABCA7,0.5885957
H3F3A,0.5885871
F5,0.58844227
SOCS1,0.58823913
TMEM38B,0.58812946
DYRK2,0.5880908
HIST1H2AB,0.58796203
DDX3X,0.5879122
DBP,0.58786774
MYO1B,0.5877444
PDE10A,0.5877358
SGCG,0.5875595
AP1M2,0.58751416
POLD2,0.58750594
MAZ,0.58747125
ITM2A,0.5873396
IRS2,0.5872395
GRM5,0.58711624
HLF,0.5870166
KCNC1,0.58698833
NUB1,0.58687633
TRIM21,0.58671874
FOLH1,0.5866401
GAN,0.58661
PRPF6,0.5865469
NPHP1,0.5862366
SIAH2,0.58618426
SIM2,0.58596224
MYBL1,0.58588266
ACTA2,0.5858348
CNTFR,0.58582824
STXBP5,0.5856182
USP32,0.5855232
IL33,0.5854455
ESYT3,0.5854132
HNRNPH2,0.5853978
BAALC,0.5853233
AGAP2,0.5853033
YES1,0.58529377
SMARCB1,0.585275
PPP1R12B,0.585101
DBF4B,0.5850954
TBP,0.58505493
CYP4A22,0.5850366
CELF1,0.58492804
TPX2,0.58465695
HAAO,0.5845857
GH1,0.58456695
GIMAP4,0.5844228
MAGEA11,0.5843912
NLGN3,0.5843491
SP100,0.5843116
BARD1,0.5841852
CADM2,0.5841701
MAU2,0.58389527
RBM14,0.5836364
NGEF,0.5832419
TRIM28,0.5831505
TBX21,0.5830332
RNF6,0.5827882
ERCC2,0.5826327
AATK,0.5826051
POLD1,0.5825703
WRN,0.5824957
AMPD3,0.58228713
CUL5,0.58190215
PORCN,0.58169836
DCAF8,0.5816051
UBASH3B,0.58159864
HSD17B1,0.5815978
CHD2,0.581464
KLF5,0.58142257
RBBP7,0.58120984
PIP5K1A,0.581177
ARHGEF2,0.580979
HRC,0.5809654
RPS6,0.5808295
SUPT16H,0.5807245
PPP1R12C,0.5804594
STAP1,0.58023155
ACADL,0.5801799
PCDHGA7,0.5800637
AP1B1,0.5800017
OXTR,0.57979816
CDON,0.57951504
ITPKC,0.57937545
BIRC5,0.5793
STK40,0.57912356
PRKG1,0.5790896
OR51E2,0.5789915
LGALS4,0.5789174
POU1F1,0.5788506
KIAA0586,0.5788454
IL31RA,0.5788449
PPP1CB,0.5787958
KPNA1,0.57864106
NR4A2,0.5783917
TMPO,0.5783859
ARHGAP4,0.57830894
NEDD4L,0.5783035
PCDHB8,0.57826054
MYO3A,0.5781239
KSR2,0.5780608
THOC1,0.5778375
KCND2,0.5777047
SUSD2,0.57760316
E2F5,0.5775774
CYLC2,0.5774119
EPHA4,0.57718706
CAPN11,0.57702386
ABCC11,0.5770117
PTN,0.5768854
PIWIL2,0.5767743
PPP1CC,0.5767242
DGCR8,0.57661337
KDM2B,0.5764157
SYCP3,0.57640094
NCF2,0.5764001
ACTL6A,0.5763864
KHDRBS1,0.5760514
COX16,0.5756566
KLK6,0.57545674
PPM1G,0.5752916
SMARCE1,0.5750819
SLC9A2,0.5748712
NKRF,0.57465714
MYLK3,0.5744857
KPNA7,0.5744609
TOP3B,0.57445204
RASSF2,0.57444084
ABRA,0.57434535
MYL5,0.5739632
PASD1,0.573952
PKD1,0.5739168
PLA2G4C,0.57381743
TACC2,0.5737678
ANKRD2,0.5737441
GFAP,0.5736855
SOX4,0.5736316
RARS2,0.5735413
SLC25A12,0.57353985
B3GALT4,0.5735052
SNCA,0.57347375
CLK1,0.5731507
GLI2,0.5730997
ESPN,0.5730618
SNX17,0.5729683
L3MBTL4,0.5728149
HIST1H2BF,0.5727589
FAAH,0.5727525
DHRS2,0.5727302
CDK9,0.5726513
ING5,0.5723954
SYT9,0.57238454
CASP7,0.5723403
ABCA4,0.5721549
KIDINS220,0.5721307
PTPN6,0.57201284
SAA1,0.57196915
NUP85,0.5718332
ZNF423,0.5717216
IL6ST,0.5716468
HIP1R,0.5716231
BRD8,0.5714532
CALM2,0.5713661
UACA,0.5713586
MLIP,0.5711423
RPA4,0.57105845
TAF4B,0.5710136
IL3RA,0.57089394
ALAS2,0.57086366
ATG5,0.57080305
ASF1A,0.5707403
PLEKHA7,0.57063246
ELL,0.5706201
CACNG3,0.57036096
CA9,0.5700594
ADRA1A,0.5700371
LMTK2,0.5699841
TNS3,0.5699082
GJB7,0.5697843
EYA1,0.5697617
DCBLD2,0.5695309
PC,0.5694659
TCF3,0.56933296
VN1R1,0.5693049
CYP2C9,0.569107
U2AF2,0.56910616
PDE3A,0.56886744
TEX14,0.5688159
UBE2D1,0.56878877
PRRX1,0.5686543
IGFALS,0.56860113
CNKSR1,0.56857866
NR5A2,0.56854004
SOCS3,0.5682307
PIP5K1C,0.568222
MARK4,0.5682008
HPS6,0.5680195
ELMOD3,0.56799024
SERPINB2,0.567791
MRGBP,0.5677412
TNK1,0.5677019
GMEB1,0.5676865
CHST9,0.5676272
LTBP3,0.5675999
AP2S1,0.5675114
MTO1,0.5672757
PLEKHG2,0.5672089
EVC2,0.56713307
MYT1,0.56695414
MSH3,0.5668428
KAT8,0.56681216
SLC7A3,0.5667524
RAD1,0.5666839
FOXE1,0.56663954
SNTA1,0.5665846
ARIH2,0.56630975
ITGA9,0.5661625
DOT1L,0.5661222
DCAF6,0.56598806
GLB1,0.5657285
HOXC6,0.5654262
PSG9,0.5653013
DNER,0.5652677
HIST1H2BI,0.565146
FNTA,0.56514037
GATA4,0.56511813
CHRDL1,0.565066
GALNT14,0.5649343
BIRC2,0.56482434
NR1H2,0.564743
BABAM1,0.5647205
GZMB,0.5643949
INHBA,0.56433094
SLC26A3,0.5641605
CEP55,0.5639945
NFKBIA,0.56398076
CYLD,0.56391174
BEX4,0.5636408
SKI,0.5634938
CCAR1,0.5634912
KCNH2,0.563414
RUNX3,0.5633063
NFAT5,0.5633001
TTF2,0.5632987
CCT8,0.56319773
FARP1,0.56301045
SLC6A15,0.5630001
CEBPB,0.56297195
SYN1,0.56294405
ANTXR2,0.5628675
FOXK2,0.5628232
NFX1,0.5626958
STAT5B,0.5625951
XIAP,0.5623144
PRRG1,0.56215155
DDX1,0.562149
AGTPBP1,0.5620412
CHAMP1,0.56194437
NR2E1,0.56171757
SP7,0.5617048
HK1,0.5613811
UCP2,0.5613316
USP8,0.5612359
RAP2A,0.56111306
SIRT6,0.5609865
GABRA3,0.5609002
TP53INP1,0.56081903
ANO1,0.56080186
ADCY8,0.560794
MAP7D3,0.56065214
DOK2,0.56049746
CSF2RB,0.56047636
LPIN3,0.5603766
RNF14,0.5603013
SORCS1,0.560283
DDX39B,0.5599996
KCNC2,0.5598124
ORC5,0.559685
BMP3,0.559578
ADGRA1,0.55956143
EPS8L3,0.55935264
PARP9,0.5592306
NTNG1,0.5591062
PCDHB5,0.5588687
CKAP2,0.5587856
RPS4X,0.5586827
KIF15,0.55822504
CLCN3,0.5581539
SNAP91,0.5580864
DOCK6,0.5580676
RIT1,0.5580483
SPTBN4,0.5579441
EME1,0.5578201
TUBE1,0.55780053
FIP1L1,0.55768704
ADH1C,0.55755997
FAM13B,0.55723906
ADSS,0.55709285
KIF18B,0.55679363
C10orf90,0.5567564
KRT17,0.5567034
CDH17,0.5565332
EZH2,0.5564154
ATP4A,0.55620503
CDCP1,0.5560736
BCL9,0.5560682
FLYWCH1,0.5559228
CEBPA,0.55586755
SRCIN1,0.5558663
KLHL10,0.5557961
SH2B3,0.5557282
MEF2D,0.5556995
YEATS4,0.5554864
ADAMTS18,0.5554816
PHC2,0.5552423
TOP3A,0.5552259
PXDN,0.5552154
PTGIS,0.55488074
KIF20A,0.5547151
MBD2,0.5543938
GSAP,0.55437315
A2ML1,0.554301
IGFN1,0.55420405
CDK8,0.5541308
HGS,0.5536748
NTN4,0.5535717
CDH18,0.55336684
TBX2,0.55333054
PKM,0.55326235
GPC3,0.5532447
PARP3,0.5531067
BTC,0.5529359
HNRNPA2B1,0.55285347
GOLGA8B,0.55268365
CAPRIN2,0.55263716
COPS3,0.55240405
FBXO4,0.5521621
TERF1,0.5521392
COL18A1,0.5520802
ITIH1,0.55180544
KCNK18,0.5515218
TOP2B,0.5514483
KPNA4,0.55125636
KLF8,0.5511414
SIM1,0.55106014
BLID,0.55094016
RUVBL2,0.55085725
EFR3A,0.5507158
HRH1,0.5506751
FMO2,0.5506281
MLC1,0.55057347
ERBIN,0.5505612
PIK3IP1,0.5504294
ABL2,0.5504218
SLC39A12,0.5503526
MORC2,0.55013204
PHF20,0.54988825
ITSN1,0.54986894
SPON1,0.5498595
DAG1,0.5498586
MED15,0.5497907
TBX18,0.5497428
ZNF638,0.54970044
HBB,0.54964286
PDE2A,0.549573
EGLN3,0.54936606
TTC3,0.5493091
GSN,0.5492854
RREB1,0.5491522
PDIK1L,0.54915124
KCNMB1,0.5490545
SFPQ,0.5485625
CDKN3,0.5485241
LIMK1,0.54844534
HELZ,0.5482315
RPE65,0.5481883
SEC23IP,0.54779017
SASH3,0.54778284
DMPK,0.547782
WNT5B,0.54772973
SNAI1,0.54763883
TTLL6,0.54761994
FUT7,0.54761404
PARD6B,0.5473419
MMP15,0.5473384
FGFR1OP,0.54731447
CREB3L4,0.54692036
GOLGA2,0.54679894
GRIP1,0.54659337
DMRTA1,0.54644054
PIAS4,0.546172
NSD3,0.54606265
SMC4,0.5460206
MAFK,0.54597
PLCD1,0.54593533
PLXNA1,0.5459086
HELT,0.54584074
CXCR3,0.5457227
ID2,0.5456612
GUCY2F,0.5456592
FAM107A,0.5455138
KARS,0.5455057
ARRDC3,0.545381
TERF2,0.5453635
PFKFB2,0.54517525
DHX9,0.54497534
NR5A1,0.54489636
DDIT4,0.54476386
RGMA,0.54472065
LGALS12,0.54455817
TPP2,0.54455525
PGR,0.5444033
KIF22,0.5443885
CRYAB,0.54419374
OGG1,0.54416925
GABBR2,0.5438604
GANAB,0.5436415
NPR1,0.5435415
CPN2,0.54342455
TIAM1,0.54340804
SPAG17,0.543383
SMG1,0.5432501
SH2B1,0.5424293
SLC4A8,0.54238826
HDGF,0.542212
PLEKHG6,0.5420626
NLRP1,0.54185563
HOXA10,0.5418443
PCDHGB4,0.54177123
CHRNB2,0.54176754
MSX2,0.5413207
IKZF3,0.54121846
BIRC3,0.54117745
PLAU,0.5411499
ACLY,0.54106635
WDR77,0.5408752
CBX4,0.5406471
DET1,0.5405983
ALDOB,0.54054236
IQCB1,0.54052705
PTCRA,0.5405032
ANAPC11,0.54045856
ERLIN2,0.5402466
OVGP1,0.5402455
ATXN2,0.5402029
CAMKK2,0.5401564
PELP1,0.5400161
VPS33B,0.5399669
TRPV5,0.53966665
MYADM,0.5394588
PHTF1,0.5391234
CHI3L1,0.5391106
ANAPC2,0.5388387
APP,0.5387772
IFNE,0.5386495
OCRL,0.5385415
NR0B1,0.53827274
CCKBR,0.5382671
HOMER1,0.53816503
IL6R,0.53815156
CRX,0.53814447
GPRC5A,0.53807414
CASP1,0.5380587
PCDHA8,0.5379895
PARD6G,0.53754795
CDH11,0.5373277
HIST1H2AM,0.5371387
BAAT,0.5371258
NRSN1,0.5370527
XPO5,0.53703225
SSBP1,0.5369848
APPL2,0.53674126
DCX,0.5366714
RNASE7,0.5366113
HMGCS2,0.5365917
USP19,0.5365843
SLITRK5,0.53654253
SYNJ2,0.53650963
ESRP2,0.5364024
DPYSL2,0.5363352
RNF216,0.53631777
SYCP2,0.53627706
SDC2,0.53620625
SASS6,0.53608084
IPO8,0.53604454
VEPH1,0.53599775
SYN2,0.53598297
PSMC6,0.535712
GALNT8,0.53554404
MRGPRX1,0.5353027
CCDC50,0.5352561
MAP1S,0.5352508
ZNF112,0.53522676
DNTTIP1,0.53519964
PSG5,0.5351808
ARHGAP10,0.53500575
NNAT,0.5349036
NFYA,0.5348448
MUC7,0.53476787
ZBTB49,0.53447074
SARS,0.53439176
PKLR,0.53438145
SLC19A3,0.53430057
DBNDD2,0.5340702
SPRY3,0.53402317
UCHL1,0.53395456
ARID4A,0.5338248
IL18R1,0.53369445
SLC18A2,0.5336398
ENG,0.53352267
TRPC1,0.5334525
LMNA,0.53340966
PPP2R1B,0.53320134
MYO3B,0.5331801
MYO1E,0.5331478
ABCG8,0.53289765
NPY1R,0.53263193
CD34,0.5323482
MTMR1,0.5322885
PSG4,0.5320769
SRGAP1,0.5320129
TWIST1,0.53194237
BRINP3,0.5317754
GCK,0.5315247
IRF1,0.5312219
RPRD2,0.53120565
PIH1D1,0.5307257
TNFRSF14,0.53068984
ZNF160,0.5305665
STIL,0.5304603
CD1A,0.53046024
THRA,0.5303145
FIBP,0.5302083
ZSWIM7,0.53011966
CLK2,0.5301141
CLU,0.53008765
GZMA,0.5299782
PTPN23,0.5299638
GBE1,0.52988905
TSHR,0.52983296
CABLES1,0.52975196
RPAIN,0.5293744
GIT1,0.5293622
CORO2B,0.5292728
HIPK3,0.52897906
MYOZ2,0.5283686
SPTBN5,0.5282244
TNMD,0.5279776
GCM2,0.52784234
KRT79,0.5277412
TDP1,0.5277344
L1CAM,0.52749026
NRP1,0.52735883
SLC25A53,0.5272834
CHN1,0.5271983
CCDC6,0.52717555
YAP1,0.52716625
DPF2,0.5271384
PLP1,0.52713054
PMEPA1,0.5270633
ZBTB7A,0.5269561
JUNB,0.52660525
NFYC,0.5265058
OLIG1,0.526256
CCT2,0.52623147
UBB,0.5261205
CD200R1,0.5261059
UNC119,0.5260077
HIST2H3C,0.5259566
LIMK2,0.525886
LINGO1,0.5256998
ZMYND10,0.5256984
LNX1,0.5256905
PRMT7,0.5256658
WHRN,0.5255976
AMPD1,0.5253541
TNNI3,0.5252879
APBA1,0.5252857
DSC2,0.5252471
OPRK1,0.52521634
NFIB,0.5250692
SEMA6D,0.5248225
ERAP2,0.5246635
ABCD2,0.52459747
ZBTB34,0.524591
ARHGAP11A,0.52458054
HEY2,0.5245762
TMCO3,0.52454776
RBM17,0.5245298
PAPOLA,0.5242834
PACRG,0.5242831
PCDHA9,0.5242173
RBP4,0.5239495
SCARA5,0.52392864
SKIL,0.5238618
PLB1,0.52383655
MCPH1,0.52372515
PPP1CA,0.5237041
RCAN1,0.52365434
AKR1C2,0.52358884
BCL2A1,0.5235247
PTBP1,0.5229528
GOPC,0.52286047
TFB2M,0.5226883
SUPT7L,0.52267605
UBE2A,0.5226521
LIN7A,0.5226044
CRAT,0.5225001
NCKAP1,0.5224186
NEDD1,0.52240485
NDE1,0.52220494
CD109,0.52219135
TGIF1,0.52210796
GRK7,0.52193296
SUZ12,0.5219041
MAPRE1,0.52189213
PEX1,0.52180237
MBTPS1,0.5217014
IFI27,0.5216927
GLI1,0.52156705
BMPR2,0.5213127
ITIH4,0.52124923
COL25A1,0.5212316
KIF3B,0.5210146
MAP6,0.520936
DGKZ,0.520723
MON2,0.5206369
TNFRSF10D,0.520525
ZMIZ2,0.52052444
DUSP5,0.52041715
ALCAM,0.52022624
CNOT6L,0.5201852
PDCD11,0.5201777
ECT2,0.5200783
CLK3,0.5200249
GZMH,0.5199268
TESK2,0.5199221
ADAMTS7,0.51982415
SET,0.51952606
NR1I2,0.5194978
EPC1,0.5194959
SETD7,0.51949346
CRIPT,0.51932377
UBN2,0.51929235
MFAP5,0.5192851
RGS9,0.51918465
BCL3,0.5190224
OTUD7A,0.51873505
TGM2,0.5187117
PRKAB1,0.5183573
SDF4,0.5179274
TH,0.5178204
MYO1G,0.51777214
ELN,0.517767
SLC5A7,0.517755
KDM3A,0.5177397
CASP6,0.51768357
DNAJB5,0.5176156
MLF1,0.5174794
NFE2,0.51726717
NDFIP2,0.5169756
CDC23,0.5169599
APLP1,0.51678336
NID2,0.5165996
EIF2AK1,0.51658696
TPM2,0.5165826
SCIN,0.51654094
MAF,0.51652235
SPATA13,0.5165035
CYP3A4,0.5164658
GNG11,0.5163541
CCT3,0.51625276
DLX1,0.5157774
B2M,0.51577604
ORC4,0.51573676
DMTF1,0.5156842
ALDOA,0.5156824
HNF1B,0.5155698
ADAMTS1,0.51543033
SNAP25,0.5153873
IDH1,0.51516986
DPF1,0.5151492
MTUS2,0.51509917
CAMK4,0.5150533
PABPC1,0.514878
SLC43A2,0.5148717
AKR1A1,0.5146609
LTF,0.51423573
FIGN,0.51412225
NOC2L,0.5140441
CSNK1G1,0.51402134
YY1AP1,0.51398057
KDM3B,0.5139506
LUZP1,0.51392424
TDG,0.51391673
HOXA5,0.513241
CETN2,0.51321995
RTBDN,0.5131357
ID3,0.5130693
GOLGB1,0.51284194
TACR1,0.5128402
ADAMTS2,0.5127878
COPG1,0.5125885
BTAF1,0.5125878
MED24,0.51258284
CTSB,0.5125383
IFFO1,0.51235163
CCL21,0.5123107
SALL3,0.5122953
NAT10,0.512281
NR1H3,0.51223034
EFEMP2,0.5121375
APPL1,0.51213354
CREM,0.5121277
DACH2,0.5116166
TRIM32,0.5116049
STIP1,0.5115852
FOXP3,0.5115172
SIX4,0.5115159
DBN1,0.5114937
TGIF2,0.511202
CCR1,0.51109856
STAT2,0.5110457
FGF3,0.5110293
RCSD1,0.51098466
FGB,0.5109207
CHAF1A,0.5105125
DGKH,0.5104526
LBR,0.5103987
CAPN3,0.5102931
DGUOK,0.5102475
PHTF2,0.51018345
SIRT7,0.51008564
APOD,0.5100069
GLIS2,0.50996715
PIN1,0.5099451
GPX2,0.5099281
CNGB3,0.50990593
ERC2,0.50988847
MICAL1,0.5097898
ZNF512B,0.5097418
LRSAM1,0.50955105
PLXNB1,0.5095245
CLEC11A,0.5095129
BATF3,0.50949484
RHOBTB2,0.50943565
PACS2,0.5093836
B3GNT4,0.5093175
NEFH,0.5090586
PIK3R4,0.5089895
EPB42,0.5089208
APBB1,0.5089132
NCAPG,0.5088702
NANOS1,0.5087856
TPO,0.508716
GALNT11,0.50841147
TPTE,0.5083309
GYG2,0.50831324
WASL,0.50816554
DENND4A,0.5080906
AP5Z1,0.50807023
RCN1,0.5080431
ANKFY1,0.50797164
HHIP,0.5078486
GABRA1,0.50783575
HIP1,0.5076959
CKAP2L,0.5076705
PTPN1,0.50748074
HBA2,0.50730103
SLC2A14,0.50728697
GNB3,0.5069539
PODXL,0.50680125
SCLT1,0.5067413
MATR3,0.5066115
HIRIP3,0.5065256
TSG101,0.50649095
IRF8,0.50639373
RORC,0.50635386
TUBB,0.5062646
ZNF350,0.5062149
BDKRB2,0.5061963
SERPINA12,0.5061472
BOC,0.50609916
ARHGAP12,0.50597286
PKD1L2,0.505941
ECE1,0.5058043
POU5F1,0.50574386
DAPK1,0.50557745
CEACAM5,0.5052383
SLC22A3,0.50515765
IL1RL2,0.50503933
NUP205,0.5048857
SPAG9,0.50457394
CEP57,0.5044909
CACNG6,0.504433
IRF7,0.5043162
SLC9A3R1,0.50421834
AADAC,0.5042003
FBP2,0.5041926
RND2,0.5040705
NECAP2,0.5040264
BRD7,0.50388724
VHL,0.50383216
CENPJ,0.5037452
CCP110,0.5037165
PCDHGA8,0.50339985
DR1,0.5032424
ADAMTS5,0.5031396
CTU2,0.50296074
CCDC39,0.5026362
DMXL2,0.50251883
ARFGEF1,0.50224805
SHOC2,0.5020471
RANBP6,0.5019491
SETD1A,0.50186056
SMC2,0.5018175
PLG,0.5017689
KCNQ5,0.5017083
BRF1,0.501656
CCT6B,0.5016224
CRY2,0.50128365
HIST1H1A,0.500871
FMNL2,0.50080985
MYO18B,0.50076145
KCNMA1,0.5004235
MARS,0.50027776
MT1A,0.5002773
DNAH7,0.5002342
HABP4,0.50018823
HIST1H1C,0.5001332
NME8,0.500072
RNF2,0.4999287
OCLN,0.49963424
APLP2,0.49962774
SLC38A3,0.49957764
PRMT1,0.49950677
HIST1H4E,0.49949065
NOXA1,0.49944487
GPR143,0.4994149
KIF17,0.49915013
XPO6,0.49907878
OGDH,0.4990518
ACR,0.49881786
SREBF1,0.49878252
DPM1,0.49877176
GLRA3,0.498741
USF1,0.4987002
SLFN11,0.49863604
WWOX,0.4983576
FLII,0.49832714
STK33,0.4983021
SMURF2,0.49798942
DCAF1,0.49789485
GNAI1,0.49765483
F13A1,0.49765003
PPP1R7,0.49762395
PTK6,0.49760127
ASF1B,0.49705204
MYO19,0.49690622
TPTE2,0.49683937
KIF11,0.49663875
FOXG1,0.49662992
PROM1,0.4965427
CRNKL1,0.4963868
ORM2,0.49632668
FSCN1,0.49631035
AGTR1,0.4962399
GRK5,0.49623474
UPF1,0.49620292
MPDZ,0.49618027
FEN1,0.49617907
PTGER3,0.4961658
PAX3,0.4961138
TUB,0.49607298
TOP1,0.49592048
ROBO2,0.4957588
ILDR1,0.49560288
NEFL,0.4955804
RARG,0.4955571
SALL2,0.49555358
SENP6,0.49550685
TNFRSF11A,0.49546143
EFEMP1,0.4954292
CUL2,0.49520066
SRI,0.49515015
FGD5,0.4950646
BRPF1,0.49503526
NXN,0.49487025
SYT12,0.49486995
SUV39H1,0.49476156
CGNL1,0.494565
SOX9,0.4944285
HTATSF1,0.49441168
FANCG,0.49430344
ZNF516,0.49409765
ART5,0.4940718
SEC31A,0.4939118
SYDE1,0.49383876
CIRBP,0.49383825
AFAP1,0.49382946
SLC46A3,0.49379864
PKP3,0.49374065
ZNF215,0.49368823
CARM1,0.49365765
COPS7A,0.49353045
MECP2,0.49352416
ZBTB21,0.4933882
VASP,0.4933866
STK11IP,0.493317
ATF6,0.4932297
MYO9B,0.49322203
KIF24,0.4931307
MARCO,0.49293742
SLC2A12,0.49291772
ATP2A2,0.4928576
FKBP4,0.49276832
HIST1H2BA,0.49260905
UBE2D2,0.49257144
GRK2,0.49253953
ULK3,0.49253124
ATMIN,0.4924855
PRRG2,0.4924577
RFX4,0.49242988
TAL1,0.49222872
ZNF827,0.49220267
HAUS5,0.49213704
KRT9,0.4920635
FHOD3,0.4919684
NUDC,0.49190336
HIST1H4D,0.49182174
LTK,0.49155805
FOXQ1,0.49125332
CENPA,0.4912286
PYCARD,0.49116334
GSTM5,0.49108616
FMO1,0.4909606
MIA3,0.49083996
CHRNA3,0.4907429
NOP56,0.490705
PDE4A,0.4906956
GNG2,0.49066895
FKBP1A,0.4906137
CSK,0.49056852
UST,0.49053696
TOLLIP,0.49039245
MMP1,0.49033138
FPGS,0.49032685
HNRNPC,0.49028078
AJAP1,0.49024558
NCAPH,0.49012244
TAAR1,0.4900548
NEUROD1,0.4898511
FMO5,0.489827
TGM5,0.48981237
IRAK2,0.48968285
ADAM9,0.4896618
ABCB7,0.48935983
SETD3,0.48933104
RBCK1,0.4892064
GYS2,0.48910576
KCNJ1,0.488924
DYNC1LI1,0.4887812
NRG1,0.48860174
ITIH3,0.48847103
SENP3,0.48844868
ZFP36,0.48841193
PECAM1,0.48841092
PCDHGA5,0.48839444
NR2C2AP,0.48838806
LRRCC1,0.48829874
CEP97,0.4880421
PDLIM2,0.48791957
SLC13A2,0.48791355
MSL1,0.48789585
PPHLN1,0.4878794
SMO,0.48779213
EPC2,0.48767063
ZNF135,0.48747346
ABCA5,0.48739886
CTSG,0.48736554
NAPA,0.48725832
GLP2R,0.4872042
PIAS2,0.48716792
ZNF75A,0.4870623
STK10,0.48696098
WWTR1,0.48681584
SECISBP2,0.486719
CDC37L1,0.48652124
MRGPRX3,0.4863423
USP48,0.48632824
DNAI1,0.48631033
CASP10,0.48619342
ENPP1,0.48602507
CD5,0.4859075
SUMO3,0.4858968
EPHA8,0.48589468
PLSCR4,0.4858923
CXCR4,0.4855847
MARK3,0.4855493
SPRED2,0.4853205
SLIT3,0.48514357
HOMER2,0.48453656
CSAD,0.48452756
ZNF518B,0.48445222
LBH,0.4844022
MYO1F,0.48432893
CFL1,0.48431367
HOMEZ,0.48427036
EIF3K,0.48405448
SS18,0.4840337
CEACAM21,0.48398203
TBC1D4,0.48380536
PCDHB16,0.4837664
PER1,0.48361608
NUFIP1,0.48355937
MEOX2,0.48350352
STARD13,0.48349348
ZNF234,0.48346668
HPN,0.48342282
TCOF1,0.48339185
SEMA3E,0.4832784
RIPK2,0.48315147
DENND1B,0.4831154
MATK,0.4829697
DISC1,0.48295012
MYH3,0.48280382
RBPJL,0.4826688
DRD2,0.48260716
EPB41,0.48243174
MMP13,0.48212054
PPP1R15A,0.4821059
JRKL,0.48187694
NR2E3,0.48179644
HIST1H2BK,0.48174787
TFAP2B,0.48168048
IGF2BP2,0.48162267
HSD11B1,0.48160326
TANC1,0.48147932
TRERF1,0.48146883
PICALM,0.4814682
RNF111,0.48146245
EHMT2,0.48141754
MLXIPL,0.48136693
S100A1,0.48133034
HMBS,0.48121017
CNDP1,0.4810596
XRRA1,0.48095453
KRT18,0.4807136
EFHD2,0.48040268
ID1,0.4803104
MTMR9,0.48026806
CBX5,0.4801729
SIN3B,0.47998667
ADCY1,0.4799044
XPA,0.47987553
PIP4K2C,0.47980866
SMAD6,0.47974885
CDA,0.47970507
PDCD4,0.4796897
NKAP,0.4795892
TRIM27,0.47949347
PKP4,0.47939646
SSH1,0.47922996
PGK1,0.47914642
SYT1,0.47914422
SPRY2,0.47897795
RAB3C,0.47891882
CAND1,0.4788027
EXOC5,0.47857478
ARHGAP15,0.47856185
DAB2IP,0.47816962
STK35,0.47809538
TRIM63,0.47793958
RECQL5,0.47786498
MYOZ1,0.47784188
SRL,0.47780383
ZNF189,0.4777127
PFKFB3,0.47766736
IGFBP5,0.47764152
MEIS1,0.4775056
PDLIM7,0.4772348
FOXA3,0.47719592
RGSL1,0.47718528
PRKAR2B,0.4771311
PARP2,0.47711787
RNF4,0.47709626
KNL1,0.4770344
HOXA11,0.47676757
BCL2L10,0.4766651
CDCA8,0.47657427
ASAP1,0.47647277
HMGN1,0.47647116
SLC9A3R2,0.476112
POLK,0.47598904
KCNQ2,0.4759054
DDC,0.47582677
N4BP1,0.4757586
AQP7,0.4757067
XRCC1,0.47563645
TUBB2A,0.47562665
ARHGAP9,0.47539774
PDZD3,0.47532004
ELF3,0.4750936
NEFM,0.47508478
PALLD,0.47507015
DGKI,0.4750016
MKS1,0.47480032
RPL5,0.4746277
CEP290,0.47459435
HRG,0.47457996
FAM110C,0.47451687
TFR2,0.47439986
ANP32A,0.4743738
AKAP8,0.47436252
MARVELD2,0.47421396
CDK11B,0.47413293
PANX1,0.47411266
HUS1,0.473876
HIST1H2BO,0.47372475
ALG13,0.47365284
ALKBH3,0.47351146
ALPK3,0.47348943
IL17RD,0.47344166
EPHA3,0.47305998
CD79B,0.47293782
ZNF131,0.47284794
UTP14A,0.47278723
USP3,0.47278556
VPS39,0.47274828
LPIN1,0.47255036
DEPDC1,0.47243384
HIST1H2BL,0.4721569
PPFIA1,0.47208676
IGF2BP1,0.47203577
TFDP3,0.4720277
ADRA2A,0.47198233
SLC22A14,0.47177845
PPFIBP1,0.4717602
CRABP1,0.47175428
ATOH1,0.47174558
GTPBP1,0.47160417
CBLC,0.47118562
STK38,0.47118127
PCOLCE,0.4711257
TLR9,0.47110772
CEP70,0.47110426
ASCL2,0.47107628
TRIM29,0.47093412
ATF5,0.47091168
BATF,0.47088885
KIF18A,0.4707221
LIG4,0.47056708
CHM,0.4704356
TCERG1,0.47043458
TMF1,0.47043094
BLNK,0.47023168
WFIKKN2,0.47020587
ABCB1,0.47017923
PDE1A,0.46990845
TARS,0.46978328
APBB3,0.4696649
PTPRN,0.46949467
GSDMB,0.46927375
CEP104,0.469144
TGFB1I1,0.46909395
MTCP1,0.46909073
BRMS1,0.46896902
LIN7B,0.46885195
HAX1,0.46883157
ATP1A3,0.46882212
AMHR2,0.46846604
PPP4C,0.46845078
FBXO11,0.46837994
UPF3B,0.46831295
ITGB3BP,0.46831018
DSG2,0.46822423
CAPZB,0.46811047
TXK,0.46810678
KLHL5,0.46801573
LRRTM2,0.46796793
SPARC,0.46796098
RAD51AP1,0.46765664
AHI1,0.46725258
EBF1,0.4671228
SPDL1,0.46709746
ELAVL1,0.46703967
GTF3C1,0.4670068
CDO1,0.46700448
ACE,0.4669897
SEMA4C,0.46689588
NUSAP1,0.4668597
SYTL1,0.46663314
IPO11,0.46658477
FOXC1,0.46653867
CDC42BPG,0.46643952
RFFL,0.46623012
SGCA,0.46615788
MED4,0.46611318
TCP10,0.46604362
TTYH2,0.46600598
SSTR3,0.46586928
ST14,0.46580637
KCNIP3,0.46573943
DOCK5,0.46562392
ZMYND11,0.46537852
PRIM1,0.46487778
HCN2,0.46474683
YBX1,0.4647275
RGS14,0.4645353
COG7,0.46417943
INTS6,0.46416387
GJA1,0.4638946
ELF5,0.46388814
ANXA2,0.4637315
MPHOSPH8,0.46369737
SOX2,0.46359804
TUBB4B,0.4635487
EDNRB,0.4633902
KIF7,0.46337995
SV2C,0.46333182
AICDA,0.46328422
WASF2,0.46314076
APEX1,0.4629215
CNGA1,0.46287712
TUBB4A,0.46278125
DDX23,0.46278062
IL13RA1,0.46276584
DROSHA,0.4627264
PRPF40A,0.46252874
BHLHE41,0.46252573
ERN1,0.4622819
HIST1H4J,0.46226448
LRP8,0.46217003
RAG2,0.46214518
CLINT1,0.46196765
TMOD3,0.46185756
KIR3DL2,0.4617471
GTF2A1,0.4613985
SNX9,0.46127674
OTUB1,0.46127328
GCH1,0.46121186
RECQL,0.46108967
CYP2S1,0.4610784
ESRRG,0.46104535
STRIP1,0.4610031
RFX5,0.4606586
COG2,0.46065232
CCT6A,0.4605619
ZNF580,0.46055713
ACSF3,0.4605452
RND3,0.4605013
DDHD2,0.46048462
SLC9A1,0.46042165
SPINK5,0.4598699
NANOG,0.45982966
LMO4,0.45967644
PIM3,0.45961237
SMARCAD1,0.45947924
TLR10,0.4594556
SMPD4,0.45942113
HEPACAM2,0.4593742
PLCZ1,0.45915627
PAN2,0.45908877
SELP,0.45908335
TOX2,0.45907834
ALX4,0.45870265
SLC16A12,0.4583129
BAG1,0.4581039
GULP1,0.45788136
LPXN,0.45785043
HIST1H2AC,0.4578032
VPS53,0.4577196
PSD4,0.4577042
NUP210,0.45747533
DACH1,0.4572175
ADD3,0.45718557
ADH4,0.45711994
PPL,0.45700383
MCF2,0.45699483
NPHS1,0.4569754
VGLL1,0.45694888
SLC9A3,0.45678928
FBXL5,0.45677814
CMAS,0.45671418
BAIAP2,0.45671114
EMSY,0.4566726
PTPN18,0.4565861
GEMIN2,0.45646665
SCML1,0.45645055
RFC5,0.4563425
PHRF1,0.45633206
ZNF451,0.45632944
ARHGDIA,0.4562844
SCYL1,0.4562305
MTDH,0.45621622
COIL,0.456113
MPP3,0.45571214
FCN1,0.45538813
INPP5B,0.45534936
FGR,0.4552169
ZNF592,0.4551445
ATP1A2,0.45487696
XAF1,0.45484084
FBXO45,0.45479172
PCDH1,0.45475414
USP33,0.45470387
PLK4,0.45454708
CSPG4,0.45428476
SLC25A21,0.4541683
OPRD1,0.45405215
GTF3C5,0.45382246
PCGF3,0.45379502
SERPINC1,0.45379257
EFNB3,0.4535869
MKRN3,0.4534399
CETN1,0.45334446
SH3GL3,0.45314527
GPLD1,0.45296073
FURIN,0.45289743
CHGB,0.4525793
TIRAP,0.4524546
NFIC,0.4523901
ZNF219,0.45225313
RC3H1,0.45221734
CBLL1,0.45215026
FOXO4,0.45189902
PPP1R10,0.45178255
ZNF266,0.45170075
PRKX,0.45137143
NACC2,0.45118314
NAMPT,0.45117605
LARP7,0.45114207
ATG16L1,0.45087108
BBS2,0.45082155
STAU1,0.45063362
DSE,0.45056692
CAMP,0.45051852
TUBA4A,0.45047462
KLF10,0.45028248
KIF2C,0.45012245
ALDH1A3,0.45008278
LIN9,0.44996852
CIB1,0.44994026
ENAH,0.4498296
HSPA2,0.44977355
CCT4,0.44956338
MCF2L,0.44954127
TANK,0.4494284
CEBPD,0.44934723
PRCC,0.4492916
ARHGDIB,0.4492193
PDZD7,0.44895905
SDC1,0.44895777
PRDX1,0.4489406
EEF2,0.44885635
FGF13,0.44884232
SRRM4,0.44884053
SRPX2,0.448828
SH2D3C,0.44842407
PRKN,0.44839832
WDR45,0.44838744
NAA10,0.44837052
SPP1,0.44831398
ATP7B,0.44825518
KIF2B,0.44819596
DUOX1,0.44817892
EYA2,0.44807613
VWA8,0.44806018
RXRB,0.44788948
ARSK,0.44786948
ULBP2,0.4477974
FER,0.44777808
FRK,0.44753775
TPT1,0.447513
ENO1,0.44743785
CCDC136,0.44720367
SSC5D,0.44668287
RPL36A,0.44663447
SCYL2,0.4463793
MYSM1,0.44635174
TNIP1,0.44629988
DEF6,0.44597548
HEMGN,0.4459696
UMPS,0.4455936
ATRIP,0.44550785
ADCYAP1R1,0.44549042
TRA2B,0.44546762
VARS2,0.4453725
FGFRL1,0.4453645
PHGDH,0.4451858
ACTC1,0.44516563
FMO3,0.44506386
SNIP1,0.4449041
IFI44,0.44469944
RBMXL2,0.444595
TICAM1,0.44446602
TCP1,0.44440436
TTR,0.44432268
PSMA3,0.44419196
UBE2C,0.44417307
HMGA1,0.44396436
PAK6,0.44385794
FNTB,0.443708
ADGRA2,0.44357634
STAM,0.44339988
FSHB,0.4432673
ARHGEF25,0.44307464
ZNF521,0.44295213
AIPL1,0.44289824
AGL,0.44252387
BMP2K,0.4424909
GMDS,0.4423531
ABI2,0.4421887
SOHLH1,0.44215888
PTGFRN,0.44215757
XYLT1,0.44202048
NPM1,0.44200525
EIF5,0.44191146
WDHD1,0.4418997
RMI2,0.44188958
REPS2,0.44187695
KCNA1,0.44187278
COLQ,0.44182435
FANCM,0.44176427
TYRO3,0.44128978
UBA6,0.44121435
ENSA,0.44112164
PHKG1,0.44104463
HIST1H1D,0.44096446
HIC2,0.44092867
MAFA,0.4408182
GABRB2,0.44042483
TRAPPC9,0.44039842
DAPK3,0.44037932
ZNF114,0.44027698
FADD,0.44014677
ATP2A1,0.44007382
CSE1L,0.440049
CALR,0.43997595
PLAUR,0.43983594
HIST1H4B,0.43959203
FHL2,0.43959165
RNGTT,0.4395665
XRCC4,0.43950754
PLXNB2,0.43948683
AVPR2,0.43940598
KCNQ4,0.43929708
JAKMIP1,0.4392694
KDM4B,0.43926358
PATJ,0.43923563
PHOX2B,0.43915653
SDC4,0.43901238
HOXC11,0.43897974
L3MBTL2,0.43891433
ORM1,0.4389
MUSK,0.4387103
PIK3R6,0.43868738
SAP130,0.43866104
TNFRSF17,0.43859094
TUBB2B,0.43847454
BMPER,0.43846476
UGP2,0.43834633
SNTB2,0.4382434
NCAPD2,0.43816978
CXXC5,0.43809408
CORO2A,0.438029
DIRAS3,0.4379381
ZNF618,0.4377021
KIF1C,0.43757078
PREPL,0.4374929
ZNF695,0.43747437
RNF11,0.43747357
PCBP3,0.43730843
BIN1,0.43721408
NUFIP2,0.43708834
SORBS3,0.4370862
PHKA1,0.43706173
SCNN1B,0.43686616
SDHA,0.43686143
ESRRA,0.43681267
ARHGAP17,0.436812
ING4,0.43678302
SDF2,0.43676955
VPS72,0.43648222
GCC2,0.43642378
HPF1,0.43636647
SRA1,0.4362846
LIN7C,0.43622902
MAT2A,0.43619162
UFSP2,0.4360074
STRN3,0.435918
DCP1A,0.43589875
RING1,0.43582663
RASSF9,0.43580204
SHB,0.43567222
RABGAP1,0.43554947
TUBB8,0.43553337
DNAJA3,0.43532345
IFNA10,0.4351987
PCBP2,0.4351417
TRPM8,0.4350243
LRFN1,0.4348112
PINK1,0.43469146
RORA,0.43468317
EIF2B2,0.43451846
RASSF5,0.434454
TRAPPC8,0.434422
MPG,0.4344052
CRTAC1,0.43435177
ZBTB2,0.43406957
CYBB,0.43394217
MPRIP,0.4338643
HIC1,0.4337363
MYCBPAP,0.43354228
RNPS1,0.43346575
ACSS3,0.43344566
GM2A,0.43338946
DPT,0.4333888
GDF5,0.43337843
CD209,0.4330779
NOSTRIN,0.43290687
ARHGAP44,0.4327648
PAFAH1B1,0.43274447
DTNA,0.43255275
ESRRB,0.43253294
UNC5B,0.43248442
FIGNL1,0.4324176
CLTB,0.43240273
MCM10,0.43229303
CYP4F12,0.43213615
CYP4B1,0.4320911
CYP3A7,0.4318708
TFPI2,0.43180686
DIP2C,0.43180633
CACNG1,0.43178508
C19orf12,0.43174934
TMOD2,0.4315228
MCOLN1,0.43149638
PAX7,0.43148923
COMP,0.43147483
MED14,0.4312791
EPHX4,0.4310943
RHOXF1,0.43102187
ABCB4,0.43094325
RNF186,0.43084356
ADCY2,0.43077087
CUL9,0.43057445
LMNB1,0.43047416
STAC,0.43032476
TAF5,0.4303237
TRIM13,0.4302311
TELO2,0.43010122
SH2D2A,0.42994082
POLI,0.42980143
RRAD,0.4297867
6-Mar,0.4297834
CALCR,0.42966512
AREL1,0.42965895
DOC2A,0.42965055
ANKRD26,0.429649
GP6,0.4296288
DBNL,0.42960006
USP10,0.4295801
UNC5A,0.42956012
TCF4,0.4294455
MSL2,0.4292464
AKAP8L,0.42919913
ABCC12,0.42908525
FNIP2,0.4290184
KCNJ4,0.42901814
TM4SF1,0.42898026
GTF2H1,0.42883936
JPH2,0.4287703
DYNLL2,0.42876127
EIF2S2,0.4287122
HAO1,0.42869362
URGCP,0.4286445
HCRTR1,0.42861658
PROS1,0.42857796
SAMHD1,0.42842513
MT2A,0.42839238
ATF7,0.42816907
HIST1H2AK,0.4279082
AP4B1,0.4277065
CITED2,0.42763364
CC2D1A,0.42762673
RP2,0.4276085
KLF2,0.42741594
TACC3,0.4272091
ITPR2,0.4271849
METRN,0.4270476
SOCS6,0.42688066
RAB11FIP2,0.42683452
GATA1,0.42673734
GRAP2,0.4266105
SP4,0.42640832
NR2C1,0.42639634
BMPR1A,0.4263783
TIMELESS,0.4261248
HSPA9,0.42603755
TXNDC11,0.42574245
MPL,0.42557147
KCNA2,0.42549068
GTF2H3,0.42543003
PCGF6,0.42531696
SNAI2,0.42526442
ZNF83,0.42509305
CRBN,0.42497024
FTH1,0.42484558
LAD1,0.42469823
MMP2,0.4246975
HRK,0.42468268
RHOB,0.42463824
ARG1,0.424611
ATG7,0.42451078
NLRP12,0.4243007
KRT16,0.42424807
CRTC3,0.42416587
TDRD3,0.42416334
RAB3A,0.42381158
TAX1BP1,0.42365527
PLA2G2A,0.42360365
CELF2,0.42336652
PIWIL4,0.42320207
FANCF,0.4230421
CREB3L1,0.42297524
RNF20,0.42296886
MAD2L2,0.4228891
EPS15L1,0.42286912
BRSK1,0.4228076
ADGRG1,0.42278093
TOM1,0.42266327
NOL4,0.4226229
TRIB3,0.42255315
UPF2,0.42246693
DMC1,0.4223941
CCNO,0.4223028
SELE,0.42191276
CLASP1,0.4218826
ATP2B2,0.4216346
ACVR1,0.42134592
SCUBE1,0.42133904
ZHX2,0.42133138
HR,0.4212079
MDFIC,0.42120442
HABP2,0.42112377
CYP4F22,0.42104536
TRIP6,0.4210294
NR2F2,0.42100412
CLTA,0.4208665
MNT,0.42084715
CAND2,0.42083102
KEAP1,0.42074615
TMPRSS5,0.42069584
LIG1,0.42064226
NDRG2,0.42061603
COPB1,0.42044914
AHSA1,0.42020306
PNRC1,0.41996017
WTIP,0.41987497
RHOU,0.41986933
ARHGAP25,0.419569
AGFG1,0.4195632
NASP,0.4194365
SEMA7A,0.4194206
UNC45B,0.4193876
ABCC4,0.4192808
PKD2L2,0.4190283
CNOT9,0.41901165
CDK11A,0.4189644
FCER2,0.41889197
RARS,0.41879225
TRPM7,0.41857484
TNIP2,0.41849965
SLC1A3,0.41847754
GBP4,0.418446
CAPZA1,0.41841984
METTL23,0.4182485
MLLT1,0.4181356
TSLP,0.41811085
KAZN,0.41799372
CAMK1,0.41792095
TRIM45,0.41783512
MAFF,0.4177319
AP3B2,0.41718113
HMGB3,0.41713417
DEAF1,0.41703528
EMC1,0.41695935
ITGB1BP2,0.4169441
GAS2L1,0.41676083
CDK5R1,0.4167136
TMEM17,0.41660672
GRN,0.41657957
MAFG,0.41650316
FUBP1,0.41631058
BNIPL,0.41627553
CAV3,0.41612393
MCRS1,0.41611966
KRT26,0.41590706
ARC,0.4158115
GRASP,0.4155193
CYP1A1,0.41549632
CYP2D6,0.41547647
ELMO2,0.41538727
CRABP2,0.41506952
NEK3,0.41506624
PDHA1,0.41489854
SCRIB,0.4148884
OR51E1,0.4146357
PAF1,0.4146129
MAP4K5,0.41453278
SLC15A2,0.4144731
DNAJB1,0.4144634
PAQR3,0.41446155
BRD2,0.4144353
TNP1,0.41439205
CCR2,0.41431105
ZNF239,0.41419628
RPL10,0.4141464
STYX,0.41382962
FSHR,0.4138201
DCN,0.4135861
IGSF3,0.41352314
PROZ,0.41349363
TTC25,0.41330326
CYTIP,0.41327327
FAM110B,0.41326603
RALA,0.412816
CKMT1A,0.41267207
CRTAM,0.41258097
H2AFY,0.41241866
KAT7,0.41238514
CYP17A1,0.41227257
TRIP13,0.4122692
RFC4,0.41194415
EGR4,0.41183913
GBP7,0.41179556
CIAO1,0.41133064
MNDA,0.41127917
NCAPG2,0.41112635
TAF12,0.41112486
P2RX7,0.4111064
DPPA4,0.41105017
AOX1,0.4109547
CHRM1,0.41070196
NFYB,0.41068375
ZNF33B,0.4106096
RFX1,0.41058445
SEH1L,0.4103716
EIF3B,0.41022053
MIER3,0.4102102
GFI1B,0.41008833
SSX5,0.41006494
INCENP,0.40978298
CAMK1G,0.40970826
CEP63,0.4096663
SCUBE2,0.4094825
ICMT,0.40940952
SERPINB11,0.40937468
RASSF7,0.4092944
PTGES3,0.40925494
RBM10,0.4092238
HSPH1,0.40916288
ARNTL,0.40915442
FANCB,0.40910444
APTX,0.40895718
RNF168,0.4089445
CDKL3,0.40883082
EXTL3,0.40881217
MIS12,0.40877235
LGMN,0.4087003
TDP2,0.40867937
FOLR1,0.40859893
LAMTOR3,0.40852627
PLVAP,0.40846598
CYP4F8,0.40840405
ARIH1,0.40826732
PAWR,0.40825534
FNDC3A,0.4082478
CEPT1,0.40818664
CAP1,0.4080269
UBE2B,0.40802106
PATZ1,0.40798482
HOXB9,0.40789968
TGOLN2,0.40788895
SYT7,0.40788695
ZNF341,0.40723988
EPPK1,0.40721232
MKLN1,0.40715802
USF2,0.4069648
WASF1,0.40694508
PIM1,0.40682292
SMG6,0.40680638
SLC18A1,0.4067363
RALBP1,0.4066256
TWIST2,0.40647238
KCNV1,0.40621454
NKX2-5,0.40620062
GFPT2,0.4061514
STRADA,0.40605268
UPRT,0.40575454
SV2B,0.40567973
RPRD1B,0.40558213
LMNB2,0.4053497
GRIK5,0.40531826
APH1A,0.40527618
FGD6,0.40526283
MYL3,0.40523377
KCTD5,0.4051806
PPP6C,0.4050769
DSG4,0.4046552
CLCN6,0.40455237
PCDHA5,0.40450972
NBPF3,0.4044537
MFAP2,0.40440774
SGIP1,0.40436068
S100A4,0.40432817
GABARAP,0.40424773
FXR1,0.40422815
TPM4,0.4041714
ARHGAP1,0.40412945
ZNF473,0.40406612
OPHN1,0.40404227
MTHFR,0.40386146
KDM4D,0.4037919
ACTN3,0.40363517
TBXAS1,0.40358445
SLC8A1,0.40312877
CAT,0.4030804
SLC12A6,0.4030602
PICK1,0.4030459
MTF2,0.40292865
HPX,0.40285382
CRHR1,0.40285373
FAF1,0.40268692
GNPAT,0.40256432
CNTN3,0.4025365
REL,0.40221292
SLA2,0.40217403
BEX1,0.40211847
CKMT2,0.4019225
EBF3,0.4018977
MAP1LC3B,0.40152434
FBXO21,0.4012539
CSH1,0.4012252
REPS1,0.40084115
AMBRA1,0.40068874
HAS3,0.40068868
CSF3,0.40062043
ATXN7,0.40044704
PTPN2,0.40017438
TBR1,0.40014875
PDC,0.39988947
DLX5,0.3998739
TRAF3IP1,0.39965492
RPAP1,0.39954865
CLEC4M,0.3995235
RAB30,0.39939514
SLC34A1,0.3992662
ZFYVE9,0.39916122
ECM2,0.39909843
HP1BP3,0.39908925
VPS41,0.3989205
AES,0.39875013
MYL9,0.39872822
RANGAP1,0.39854863
RGMB,0.3984561
SNRK,0.39836246
TTLL1,0.3982691
SKIV2L,0.3982018
ELK3,0.39799464
OPTN,0.3978182
GTF3C3,0.3977755
EEF1G,0.3976569
HPS1,0.39758542
GRM8,0.39753836
KLK11,0.39746505
COPA,0.39746493
SCMH1,0.3973289
TEAD4,0.39728582
ANKS6,0.39721528
MPEG1,0.39720023
CARD16,0.39695415
KLHL14,0.39691332
TRIM36,0.3968125
GGA3,0.39669576
IL1RN,0.39659098
PAX8,0.3965712
IGFBP2,0.39644155
DCLK3,0.39638153
STAU2,0.39627704
GPR89B,0.39622775
EIF2AK4,0.39612487
OSBPL5,0.39604154
HRH3,0.39601842
FTL,0.39595965
CDC34,0.3958348
CSPP1,0.39572597
ANXA7,0.39557448
HSD17B3,0.39556718
KLK8,0.39550608
ASPA,0.39533266
TINF2,0.39530468
KRT6C,0.3953036
RASIP1,0.3952588
SEC61A1,0.3952148
SEMA4A,0.39504498
HMGN3,0.39503732
TRAT1,0.3949362
PHKB,0.3948621
CD28,0.39483523
MLLT3,0.3948111
DMP1,0.3947711
ATF1,0.39453655
EHD2,0.39445442
AANAT,0.39433637
EGLN1,0.39410147
P4HB,0.39395618
MAFB,0.39379296
KCNAB1,0.39362866
LIPH,0.3936249
GABRB1,0.3935042
CD58,0.393454
CLCNKA,0.39342347
IFRD1,0.39326748
CEP76,0.39325422
PSMD5,0.39314336
RHOBTB1,0.39304307
RBM15B,0.39303833
TRIP4,0.39297467
SF3A3,0.39266613
LAS1L,0.39265496
SMYD2,0.39253882
KIR3DL1,0.39230108
BRAP,0.39206955
PCDHGB2,0.3920633
ZNF606,0.391999
ZBTB18,0.39182162
LGALS3,0.39174974
SGCB,0.39163527
MDK,0.3914704
SLC7A9,0.39133343
P3H2,0.39133316
CNOT6,0.3913173
AKR1C3,0.39128014
SH3GL2,0.39100328
KIZ,0.3909601
ATXN10,0.39079562
UBE2L6,0.39078268
MFGE8,0.39058933
SNX1,0.39058676
GPR17,0.39025307
QSOX2,0.39020926
POLE2,0.39009959
SNRPN,0.3899952
STAR,0.38991043
HIST4H4,0.38990352
CDH13,0.38951293
ENPP2,0.38942885
BTN3A1,0.38936165
ZPBP2,0.3892514
MAGOH,0.38924557
FBXO6,0.3892067
PSMB4,0.38911846
GCC1,0.3889983
PARG,0.38895205
NPTX1,0.3889323
HSF4,0.3886997
TTBK2,0.38864997
IL23R,0.3886221
GPNMB,0.38859087
SEMA4B,0.38849813
TULP3,0.38840687
PAX9,0.3883685
HAT1,0.38831598
FBLN1,0.3881572
EPHA1,0.3879944
TRIM9,0.38797098
GNA13,0.38791484
SRRT,0.38789693
GC,0.3876532
PDE7A,0.38761318
SELENBP1,0.38757357
MBNL1,0.38745022
CES1,0.38742676
EVC,0.38742048
ZNF609,0.38719022
FOXD3,0.38689157
KLK4,0.38687202
HOXD13,0.38668478
USP18,0.38666424
RYBP,0.38662234
PRELP,0.38661128
BCKDK,0.38651502
PSMD4,0.38647193
STXBP6,0.3864069
DRD3,0.38639823
LDLRAP1,0.38636693
DDX21,0.38622153
RFX3,0.38617685
IRX6,0.38606134
RHOQ,0.38591293
FBXO31,0.38581178
STK25,0.38579628
MYL6,0.3855732
MYO1A,0.3855496
GTF2B,0.38545933
CTDP1,0.38506338
GLS2,0.38498247
TNNT3,0.3849054
GBP2,0.38482127
POR,0.3847308
FLRT3,0.38467872
USP25,0.38467705
MYCL,0.38464013
GFM1,0.38459253
GPR39,0.3844892
TBX22,0.38443527
PCBP1,0.38441586
KRT8,0.38430464
RHNO1,0.38423038
HBEGF,0.38419652
SMG7,0.38384637
GPRIN1,0.3837687
TNPO3,0.3837352
NR1D1,0.38368472
DYNC2LI1,0.38365993
GLRA1,0.38340533
SLC34A2,0.3834
IGFBP4,0.3833494
CLCA2,0.38332337
DPAGT1,0.38325623
RNF146,0.38317177
MYL6B,0.38315994
SCN1B,0.38309422
IKZF4,0.38304412
CST1,0.38296455
ERCC6,0.38290915
DTNBP1,0.3827757
NEGR1,0.3827155
CCRL2,0.3827031
GP1BA,0.38255814
STK24,0.38247415
DOLPP1,0.38245824
PTHLH,0.38240942
AKAP1,0.3824011
SCG2,0.3822858
E2F7,0.38209024
MAPRE2,0.3819869
TMCC3,0.38187665
GCM1,0.38155213
HPD,0.3814136
CP,0.38113064
ALG2,0.3811173
CDKL5,0.38110378
TRIM6,0.38091496
ITSN2,0.38083684
TARBP2,0.3807664
MC2R,0.38074186
CASKIN1,0.38070086
CNOT8,0.38031545
LEO1,0.38029158
ABCG5,0.3800311
GMNN,0.379976
HIST1H2AG,0.37996152
CNTROB,0.3799483
ABCC2,0.379931
TDGF1,0.37987125
PSIP1,0.3797819
AXL,0.37976074
NOL11,0.37974817
FLVCR2,0.37972403
C5,0.37969425
NEDD8,0.3795042
CDH24,0.3795015
HELLS,0.3791056
HYOU1,0.3790664
SHROOM3,0.37893388
ATP2B4,0.3788481
CEBPE,0.37879837
MID2,0.3785046
EYA4,0.37845993
NOM1,0.3784345
CORO1C,0.3782039
DNAJB6,0.37802723
GIMAP5,0.3779451
MX1,0.37791085
TRIM11,0.37785548
ZBTB32,0.37776926
CSGALNACT1,0.37758684
SRSF10,0.3773676
ADAM8,0.37735087
REG4,0.37720844
MX2,0.37708172
PHF19,0.37699243
AHR,0.37690577
PPP1R9B,0.37678826
ASCC1,0.37668276
SAV1,0.37655857
PPID,0.3764326
MRC2,0.3762467
RABGEF1,0.37623975
DENND5A,0.37614608
HSPB6,0.37591696
DCP1B,0.37567395
PHB2,0.37565178
TIAL1,0.37549236
IL1RAPL1,0.3754385
STK17B,0.3754265
FXR2,0.3753962
NKTR,0.3752878
POFUT1,0.37524164
EDC3,0.37521198
ZBTB1,0.3751485
RGS6,0.37507224
CDK14,0.3750512
PRDM15,0.37503502
ELAC2,0.37502116
CAV2,0.37500378
NME2,0.37492216
CTPS2,0.37490556
LCN2,0.37483028
PYGL,0.37464002
DEK,0.3746075
S100A13,0.37441522
NEK11,0.37435967
SLC16A7,0.37434652
PSMC3,0.37427106
MPP7,0.37424475
SGCE,0.37417504
NRBF2,0.37409756
ATP6V0A4,0.37408113
FCGR2B,0.3738434
ADGRE5,0.37374142
AHCYL2,0.37366
UNG,0.37358874
EDN1,0.37347612
TLK2,0.37347257
NEIL1,0.37324372
ZNF652,0.3732295
KRT10,0.37314948
SLC4A7,0.3731276
GABRG1,0.37311292
NAB1,0.3729838
ALS2,0.3727234
MMP16,0.37260863
CRY1,0.37253925
EMD,0.37251213
ZXDA,0.37247857
EXOSC9,0.37247318
GNAL,0.37245947
ATP2A3,0.37243968
DPP6,0.3724123
DIS3L,0.37237146
TRIB1,0.37217465
NEK9,0.372135
SELL,0.37203673
MSX1,0.37194222
HACD1,0.37188286
ULK2,0.37186444
PYGB,0.3716673
PSMD1,0.37164083
LHX2,0.37160116
RFWD3,0.37145486
IGFBP6,0.37139758
BARHL1,0.37135687
WDR26,0.3712899
ETV7,0.37112257
RMI1,0.37102222
TMOD4,0.3708813
EIF2B3,0.37080666
KCNN4,0.37060463
ZNF333,0.3706045
BTBD10,0.3705874
SLC24A1,0.37058455
SNX8,0.37052497
YY2,0.37023136
PABPN1,0.3700668
PCDHA12,0.37004784
MAEL,0.3700343
TAF6,0.36963424
ICK,0.36963418
DDX41,0.36962897
CELA2B,0.36957827
BAG3,0.36950374
LCORL,0.36940178
MAOA,0.36939406
COPS4,0.3693664
U2SURP,0.36936024
GLCCI1,0.36927372
PRPF19,0.369233
SLC12A2,0.369161
SLC20A1,0.3689624
MED12L,0.36889204
C1GALT1,0.36884966
RBM19,0.3688184
PGAP1,0.3687788
CLTCL1,0.36865914
ARF6,0.3684615
NFIX,0.36845252
TADA3,0.3684169
MTMR8,0.36837646
SNX5,0.36820325
TNFSF10,0.36811632
TOM1L1,0.36805165
GAD1,0.36800236
DCAF5,0.36793205
ADORA2A,0.36791906
SRSF8,0.36783397
AASS,0.3677632
ZNF101,0.36774307
TBX15,0.36769003
SRSF3,0.36751044
STC2,0.36749712
PLD2,0.3674593
PLAG1,0.36734602
PYDC1,0.36732924
FOSL2,0.36731502
VPS11,0.36725828
PAM,0.36718875
TRIM25,0.3671301
PLAT,0.36712623
PDLIM1,0.36694777
MAG,0.36694553
MPO,0.3667577
SKAP1,0.3666467
SEC24B,0.36663297
KIR2DL1,0.36657953
ELOVL3,0.3665719
ZNF133,0.3665394
PDHX,0.3665102
CBX7,0.36641768
CYP2C8,0.3663675
CYP51A1,0.3663081
RFC3,0.36629024
SSBP3,0.36620295
ZIC2,0.36595818
HLA-B,0.3659125
RFC2,0.36580992
NISCH,0.3658015
STX3,0.36539444
RND1,0.36518452
KRT222,0.36501366
GNAZ,0.36498535
IDI1,0.36492828
SIDT2,0.36489066
SUGP2,0.36479867
GABRG3,0.36467603
DSN1,0.36464223
CALCA,0.36463147
STK38L,0.36457124
NPAT,0.36449033
SNAPIN,0.36438742
HIST3H2BB,0.36431596
IQGAP2,0.364222
CARD8,0.36414158
AZI2,0.3639108
HSD17B2,0.36389923
TRIM37,0.36383182
RIC8A,0.36371604
SUB1,0.3636591
ADHFE1,0.36365485
SLC3A1,0.36360043
RWDD3,0.36357445
FRMD4A,0.36355436
KHSRP,0.3634565
LRFN4,0.36343944
WDR74,0.36328202
GDF2,0.3632622
GRWD1,0.3632042
PRPF39,0.3630525
CRIP2,0.3629585
THAP2,0.3629141
CUEDC2,0.36272162
FOXL1,0.36270344
ELL3,0.36268854
IL1R2,0.36263633
SLC16A1,0.3625934
POLE3,0.36254534
PDCD5,0.36251986
ARFGEF2,0.36238974
RPS5,0.3623882
TNNT2,0.3622283
BANF1,0.36216486
CROT,0.36198655
KCTD10,0.36192203
TPCN1,0.36184675
UNC93A,0.3618365
UGGT1,0.3618251
ELP2,0.36180276
PKIA,0.36161453
NDRG1,0.36156633
HIST1H4L,0.3615283
PKP1,0.3614736
PAK4,0.36146802
B4GALT5,0.361458
SIK1,0.3614326
FGD1,0.36115128
UBE2E3,0.36114046
EID1,0.36101213
HAS1,0.36093858
HAUS6,0.36092767
SNCB,0.3609046
BLK,0.36077628
SF3B2,0.36071447
CCNT1,0.36046755
COL8A1,0.36044428
KATNB1,0.3604268
CFHR5,0.36038017
PPIL4,0.36036742
TAF15,0.36033782
CXCL2,0.3602584
RAD23B,0.3601705
PRF1,0.3601596
DLD,0.3598526
PSTPIP1,0.35981596
PNKP,0.35978168
ZNF148,0.35974628
MLPH,0.35964423
CAMKMT,0.3596356
SAP30,0.35962734
IRF6,0.3596095
CNOT7,0.3594951
ANXA10,0.3594608
FBLN2,0.35941783
DDAH2,0.3592201
ISG15,0.3591062
TRMU,0.3590788
PCDH10,0.35898304
ELOVL6,0.35892156
HSD11B2,0.35866785
LUM,0.35865998
MSLN,0.3584439
STAMBP,0.35842937
UTY,0.3583894
PPP1R8,0.35835946
PRTFDC1,0.3583549
CLEC9A,0.35835215
ZBTB7B,0.3581464
PHF1,0.35772428
PCDH7,0.35766616
LMO7,0.35748863
EHHADH,0.3574255
CDC123,0.35737896
MLXIP,0.35728654
ADH5,0.3571857
OSBP2,0.35716826
IMPDH2,0.3571204
CD3E,0.35694
TEAD3,0.3569271
DDX42,0.35689515
CYP27A1,0.3566231
AJUBA,0.35659978
HSPB2,0.35657126
CSRP3,0.35656384
ZNF226,0.35647032
HIF1AN,0.35638577
ZBTB4,0.35635495
PAN3,0.35623232
EIF2AK3,0.35621047
COG1,0.35620922
PFKP,0.35611627
MANBA,0.356089
HBA1,0.35605145
CD4,0.35575783
SPHK1,0.3553809
RALGPS2,0.3552611
PPIL2,0.35522234
MAP7,0.35506764
HIST1H2BN,0.35503608
KANSL3,0.35497275
RFX2,0.3549035
NDST1,0.35486504
CBX6,0.35485405
SETMAR,0.35472882
KCNE1,0.35470462
ARPC5,0.35469368
TBXA2R,0.35448998
ILF3,0.35443646
NEBL,0.35441884
SETBP1,0.35431588
PNPLA2,0.3541588
HSD17B10,0.35406443
ARVCF,0.3540495
SLC12A3,0.35400462
IGFBP1,0.35395795
MEA1,0.35391364
PITX1,0.35366866
BAK1,0.35366306
ATXN2L,0.35363564
STXBP2,0.3536216
CAPRIN1,0.35350814
SNX6,0.35348067
ARHGAP22,0.35344878
DFFA,0.35335177
SPIB,0.35330752
TSPAN1,0.35311484
SEMA3F,0.35299823
EFHD1,0.35288778
MYOF,0.35282406
PRTG,0.3527229
AMY1C,0.35270467
RAB13,0.35264173
GCKR,0.3525358
GPR180,0.35249966
PROM2,0.352494
IGFBP7,0.35228276
ALG1,0.3522554
CAP2,0.35223725
NUDT1,0.35205054
PEA15,0.35204977
DAPK2,0.35186595
MAD2L1BP,0.35177553
ACTR2,0.35171387
SLC38A2,0.35170037
EPS8L2,0.35168302
SLC6A2,0.35162175
HSD17B4,0.35144734
NTS,0.35139388
PSMD10,0.35136837
ZSCAN4,0.35135382
AKTIP,0.35123536
SCAP,0.35108137
ZIC3,0.35087883
OAS3,0.3508517
KNG1,0.35084304
PI4K2B,0.35082948
SNRPA,0.35078028
STRAP,0.35068417
SULT1C2,0.35060754
UQCRC1,0.3504686
CTNNBL1,0.35032335
ICAM5,0.3502827
MGRN1,0.35018024
ZNF572,0.34997407
HIST1H2AL,0.34992847
PPFIA3,0.3497378
TLR6,0.34971827
HHAT,0.34970397
UBE2E2,0.3496303
DHCR24,0.34961385
ARHGAP39,0.3495183
GTF2H2,0.3494144
KRT1,0.3493715
TDO2,0.34926194
GNE,0.34921324
LRMP,0.34916005
KCNK4,0.34912682
TRAF4,0.3491267
SHARPIN,0.34904006
PAPSS1,0.34900612
ZNF483,0.34895468
RHCG,0.34891108
SERBP1,0.34877583
EMC2,0.34871542
CPA1,0.34871027
METTL18,0.34870178
SLC22A6,0.34857574
HOOK2,0.34849304
TYRP1,0.34846193
CCDC61,0.34823194
ADAM11,0.34819123
CIZ1,0.3481477
ABCC10,0.34811506
IRF2BP2,0.34792322
EIF3A,0.34787035
PLIN2,0.34781483
LMBR1L,0.34779125
CSRP1,0.34777355
IL12RB1,0.34757388
LSM14A,0.3475487
PPP4R3A,0.34754562
ZFP37,0.34750625
PCDHGB3,0.3474907
SYT3,0.3472016
TRAIP,0.34716687
PCDH12,0.34697977
DNMBP,0.34689206
VASN,0.34689167
LRWD1,0.34682614
PLOD2,0.34672385
CATSPER2,0.34669223
CHKA,0.3466348
ARL3,0.34662437
MERTK,0.3465472
STARD7,0.34634763
MEX3C,0.3461272
SLCO4A1,0.346074
SS18L1,0.34597567
MIA,0.34593153
HAUS2,0.34592065
GPM6B,0.34589475
PHF10,0.34583557
VARS,0.3458231
SLCO6A1,0.34580097
HSF2BP,0.34576622
PRRC2A,0.34571195
NSL1,0.34570917
POLR1A,0.3455958
FCAR,0.3453703
FOXP4,0.34535232
LDLR,0.34533283
ALDOC,0.34532583
PIBF1,0.34531903
VPS37A,0.34525332
LOXL4,0.34511733
ZNF326,0.3450316
AKAP5,0.34498215
PDCD6IP,0.3449514
CBX3,0.3449401
FUT8,0.3449099
CD99,0.34472016
PDCD6,0.3446129
KCNQ1,0.34460825
SLC3A2,0.34460753
IL13RA2,0.3445712
FCGR3B,0.34443486
LGALS3BP,0.344278
CCPG1,0.34420675
PPRC1,0.34414384
KRT15,0.34385967
HADHA,0.34378576
PQBP1,0.34375173
PLEKHA1,0.34365287
ARFGEF3,0.34350392
G6PD,0.34339684
CNN1,0.3433509
PTCH2,0.3432461
VASH2,0.34316808
ZC3HAV1,0.3429523
IWS1,0.342942
IRF2BP1,0.34291983
POU2AF1,0.3429048
CDK20,0.34286854
VRK2,0.34286472
ECEL1,0.34285703
CEP78,0.34283185
PDK1,0.34270638
TIMP4,0.34229046
KRT25,0.3419606
KLC2,0.34192508
CPM,0.34190997
CELSR3,0.34187898
NR1D2,0.3416573
ETV4,0.34141746
SCTR,0.34129202
GSTA1,0.34127963
EXT1,0.34125778
STK36,0.34123334
CDX2,0.3411156
CPA2,0.34109995
RNF40,0.3409118
CD55,0.3409087
DOK3,0.3408414
TRPV4,0.34076926
CYP7B1,0.3407647
INTS3,0.34076214
PPIG,0.34075266
AOC3,0.34068036
TMEM67,0.34063238
IKZF2,0.34053034
KLF1,0.340508
H1F0,0.34038725
CCNF,0.34037027
UXT,0.34035873
TRAF7,0.3403487
SNCG,0.34025055
DDX31,0.34020534
PCDHGB1,0.34012133
FBXL20,0.33981264
BMF,0.33975157
STRADB,0.3397277
SFSWAP,0.339692
NUCKS1,0.33932802
PCNP,0.33908564
GRK6,0.33904493
HEXA,0.3389925
NEMF,0.33894154
NUP93,0.33884326
SERPINB3,0.3387044
RPS27A,0.33865586
SNX3,0.33860722
EEF1D,0.33842367
OTUD5,0.33827835
CST2,0.3382073
KLHL20,0.3381991
PSTPIP2,0.3380822
BICD2,0.33800885
LEP,0.33793986
CKS1B,0.337733
TRIM8,0.33773044
LLGL1,0.33770287
POLB,0.33769313
PLEKHA2,0.3375975
CCT5,0.33754948
ISG20,0.33748677
EXOC1,0.33746654
CHSY3,0.33738694
ATP8B2,0.33714297
RHOT1,0.33699995
SWAP70,0.33695263
SPATA2,0.33685607
AHCY,0.3368527
HOXC10,0.3366415
BRF2,0.33645782
CASP4,0.3363541
ZYX,0.33603036
COL16A1,0.33599144
NAA15,0.33597186
SDC3,0.33594745
ERCC8,0.3358892
LUC7L3,0.33588877
KLHL41,0.33582184
INO80,0.33579555
DIP2B,0.33579355
CASP14,0.335637
KCNS3,0.33548212
TLR1,0.3354716
LYL1,0.33546224
PTGDS,0.33544594
RPL4,0.33530152
ZMYM5,0.33529556
TPBG,0.33513597
C4orf48,0.33496773
MYO1D,0.33489093
N4BP2,0.33471882
PSMD2,0.33471608
EMX2,0.33469722
KCNH1,0.3346398
4-Mar,0.33443215
ZNF496,0.3342525
XRN2,0.33390749
CD96,0.33368385
NOL6,0.33346844
SEMA4D,0.3334538
CYP8B1,0.33342475
RSBN1,0.33326325
HSPB8,0.33324537
SRPK1,0.33317834
DDIAS,0.33312353
RNF32,0.33302322
NOX4,0.3330096
NR2F6,0.33273852
CHRM4,0.33273682
PLSCR1,0.3327045
TRAPPC2L,0.33251777
KRT28,0.33246335
SRSF5,0.3321079
MAN1A1,0.33197778
SPHK2,0.33188322
RAE1,0.3318284
COPG2,0.33166838
HAL,0.33161297
IQCE,0.33154997
CD6,0.3314812
ABCC8,0.33140832
TK1,0.33127454
EIF2B1,0.33114985
RNASEH2A,0.33106026
MPP2,0.3310378
JMY,0.3307166
IFNB1,0.3304707
HLA-DMB,0.33033615
RPL3,0.33033332
S100A9,0.33004344
MMP3,0.329904
PCYOX1,0.3298841
HESX1,0.32958874
PTPRS,0.32956782
SCNN1A,0.32953346
TPSAB1,0.32951775
CLN3,0.32944694
CFHR1,0.32943892
UBE2E1,0.3293788
CYP39A1,0.32936597
EFNB1,0.32924318
ADRA1B,0.329165
TPPP3,0.32883695
F13B,0.32880136
KANSL2,0.32874635
GAD2,0.3286975
HIST1H2BD,0.3285886
ACAD8,0.3285845
USP5,0.32857126
RGS1,0.32856885
ART1,0.3285244
DZIP3,0.32852346
ABCC1,0.32848963
FOXJ3,0.3284661
UBE2L3,0.32838538
EIF2A,0.32836074
SPART,0.32833138
SNX7,0.32799184
IL18RAP,0.32796025
UVRAG,0.32787567
ATP6V0A2,0.32780507
AGGF1,0.32780063
RAP2C,0.3277016
SH3BGR,0.32764536
RPLP0,0.32739386
SND1,0.32725504
CSTB,0.32725146
OPA1,0.32712454
PLEKHF2,0.32698774
PSMC2,0.3269279
ANAPC10,0.32680058
NANOS2,0.32676739
ZFYVE28,0.32676217
BCO1,0.3267547
MED21,0.32671812
GBP3,0.32665816
DRAP1,0.32663146
RASD2,0.32653394
GABPA,0.32646778
INF2,0.32643095
TRIM54,0.3263782
SCARB2,0.326319
TRIM68,0.3262784
PLAGL2,0.3261449
FXYD1,0.3260438
ZNF100,0.3259079
LRRC6,0.3258592
TM9SF4,0.32575458
UFL1,0.32564342
RHBDF1,0.3256301
ANG,0.32559186
CTSD,0.32558343
RAPGEF5,0.32557863
ENPP7,0.32556477
CRISPLD2,0.32553807
NUP88,0.32544905
MBNL3,0.32539964
NDST2,0.32536155
FOXN3,0.325186
PRL,0.3251599
AP1M1,0.32511786
HAUS8,0.3250792
MYL12B,0.32496387
ITLN1,0.32494536
LANCL1,0.3249093
ABHD17A,0.32481864
ABCF1,0.32475117
NFKBIE,0.32454577
LOX,0.3245392
CCL16,0.3244979
LDHD,0.32430714
DDX50,0.3241753
URB1,0.32415876
SLA,0.32402307
OSR1,0.32389897
MORC3,0.32389784
SHMT2,0.3238688
PIP4K2B,0.32381994
FBXO38,0.32377774
NEUROG3,0.32370698
PEX5L,0.3236264
SRXN1,0.32350042
EVPL,0.3234904
KRT40,0.3234605
GALNT7,0.32344666
KLF11,0.32333615
DCLRE1A,0.32333156
SPRY1,0.32328436
LRRN2,0.32327008
SUFU,0.32322884
PTP4A2,0.32317486
HOXB13,0.32316628
EIF3H,0.32305443
PFN1,0.32298365
IDH3B,0.3227356
RCOR2,0.32269678
MED28,0.32253408
DPP8,0.32250008
TUBGCP5,0.32249847
ACAD11,0.32247117
DCK,0.32244223
GSX2,0.32234484
SERPINA10,0.32233486
CPNE3,0.32228395
PA2G4,0.3222732
BICD1,0.32213944
ZPLD1,0.32213682
BGN,0.32205606
PARVA,0.32196662
NUCB2,0.3218778
TAZ,0.32174367
TCHP,0.32164568
ARHGEF18,0.32161146
PBX1,0.3213537
TAF10,0.32126087
CHPF,0.32120708
ATP12A,0.32109523
GNG5,0.32104138
ZNF655,0.32073885
GLRA2,0.3206596
PCCA,0.32060227
HSPB7,0.3205962
RXFP3,0.32054487
P4HA1,0.32038692
ATRNL1,0.32025605
FLCN,0.32025588
ZFYVE1,0.32020962
FRMD4B,0.32017645
CORO1B,0.3201172
HELZ2,0.3200505
PLEKHG5,0.31986254
RGS16,0.31976193
SEC23A,0.31974825
MARF1,0.31957278
RGPD8,0.3195709
WDR3,0.31948528
DRD1,0.3194417
FBXO44,0.31939662
GJB4,0.31929612
ANKHD1,0.31917468
HMGXB4,0.31916764
ID4,0.31916067
ABI3,0.3190793
MOB4,0.3190198
HPGD,0.31890756
SUSD4,0.318811
MZB1,0.3187927
COG3,0.31865007
EIF3J,0.31863704
RTKN,0.31850982
MCAM,0.31837085
SLC25A43,0.31830156
RTCB,0.31825608
ELP5,0.31811535
LCP1,0.31807107
SPRED1,0.31797335
HOXC8,0.31795105
DNM1L,0.31792337
LSR,0.31784624
ELANE,0.31772995
LZTS1,0.31767127
KRT3,0.31754556
IVNS1ABP,0.3175159
GALE,0.31750932
RASA4,0.317426
NT5C1B,0.31734255
CXCR2,0.3173182
TOPORS,0.3172911
PRDX2,0.31725955
RPS6KC1,0.3171822
IRF4,0.31709182
PTMA,0.31702405
DOCK8,0.31677395
SLC5A5,0.31677178
LRRN3,0.3166581
MEAF6,0.3166337
ARHGEF10,0.3165605
RNF7,0.31646237
CLGN,0.31631106
OIP5,0.31626922
ARHGEF9,0.31625307
HES6,0.31617254
AURKC,0.31616634
CYP21A2,0.31613144
ACAA2,0.31612432
VGLL3,0.31610763
CILP2,0.3158253
PSMA6,0.3157527
GRIN3B,0.3156709
MC1R,0.3154252
ADGRL3,0.3154201
WASF3,0.31541425
GK,0.31527054
GRK4,0.31524616
SLC2A3,0.31523412
KRT6A,0.31512168
PELI1,0.31508422
ZBTB5,0.31491128
PI3,0.31486335
NMI,0.3148025
LMO2,0.31464761
DCT,0.31462815
ZBED1,0.31457004
SMPD1,0.3143115
RPGRIP1,0.31420603
PPEF2,0.31401527
GRPR,0.313757
YAF2,0.31375453
NXNL1,0.31361154
KLHL2,0.31353298
ADORA2B,0.31349185
FASTKD3,0.31324044
EDEM1,0.3129893
ZC3H7B,0.31276533
EME2,0.31257144
ANP32E,0.31243032
SIGLEC9,0.31217188
NAP1L2,0.3119906
POMT2,0.31195006
UBAP2L,0.31190062
MRAP2,0.3118884
SIGLEC11,0.31185362
FOXA2,0.31165528
TCF25,0.31160668
ANGPTL4,0.3115873
ISG20L2,0.31136733
PRKAG3,0.31128934
JSRP1,0.31123024
BTG1,0.31122208
TUBA8,0.31101182
EPM2AIP1,0.31082168
MIDN,0.31073293
MCMBP,0.31040627
PACSIN2,0.31039235
USP16,0.31023452
HFE,0.31017765
CYHR1,0.31014556
PLA2G1B,0.31009978
ABCG1,0.3100072
SF3B3,0.30994427
WAC,0.30990204
ZBTB22,0.3097637
UBXN1,0.30976248
PRMT8,0.30975595
PLS1,0.30969274
SCGB3A1,0.30964926
OVOL1,0.3096107
EFS,0.30958343
ZNF185,0.30954507
DPY30,0.30952346
TOR1AIP1,0.3094962
CDHR5,0.30943996
GATA6,0.30942252
LOXL3,0.30934763
COG4,0.30931306
DHX32,0.30924818
CTDSP2,0.30890414
PLOD3,0.3088855
CCDC86,0.30887145
NFKBIB,0.3085207
ONECUT3,0.30843315
GPBP1,0.30840892
IFI35,0.3083151
KPNA5,0.30827087
HAUS3,0.30818224
FASTKD5,0.308141
HMG20B,0.30807078
COG6,0.3080609
EID2,0.30799535
CDKL2,0.30791152
ERAP1,0.3076784
TRIM72,0.3076518
PBX2,0.307571
SCAF11,0.30753326
ENTPD2,0.30737564
SLC25A41,0.3073589
SYNGR4,0.3073072
FBXL15,0.30722335
MT1X,0.30700558
ZNF157,0.30696723
CELF3,0.30686155
CRYL1,0.30665985
VPS26A,0.30662826
NKX3-2,0.30654722
TUBB1,0.30647328
PRDM9,0.3064082
SERPINB7,0.30640477
EXOC8,0.30634406
TFIP11,0.3063399
OLA1,0.30629927
ABCF2,0.3061569
MRPS12,0.3060702
CLCN1,0.3059998
SEC23B,0.30597028
ANKRD23,0.3057472
SLC40A1,0.3056101
HHATL,0.3055967
HBP1,0.30542597
RGS4,0.30534384
BSG,0.30533382
SLC7A10,0.3052773
GREM2,0.30517232
FKBPL,0.3050418
GUCA1A,0.3050379
NUP37,0.3050352
CHST3,0.30489528
ARPC1A,0.30486304
ZFP57,0.30483323
DTD1,0.3046609
SPC24,0.30459505
MRVI1,0.3045821
ALG14,0.3045114
FLRT2,0.3043798
SH2D4A,0.30437857
TAF3,0.3043026
TBC1D7,0.30429414
MTMR3,0.304266
RCL1,0.30425596
SKA1,0.30417186
UBP1,0.30407795
TJAP1,0.30403692
PGAM5,0.30394852
PIK3R5,0.303923
H3F3C,0.303874
XPO4,0.30382413
OTOP2,0.30376402
ZNF467,0.30370724
LIN54,0.30359453
POT1,0.30353618
CANT1,0.3034171
SRSF1,0.3033586
MACROD1,0.3032548
TTYH1,0.30310512
PSG8,0.30310452
SUPT3H,0.30291307
PDK4,0.30274558
GEMIN4,0.3026938
THOC5,0.30252573
FBXO5,0.30234817
ZNF224,0.3023243
ENO3,0.30232152
NCBP1,0.30214614
DNAJA2,0.302068
TAF2,0.3019407
PPP1R14B,0.30180445
ZNF227,0.30178505
DUSP22,0.30175388
TMTC2,0.3016013
ARL6IP4,0.30159432
ZNF471,0.30155578
PIR,0.30154455
APOA4,0.30146575
TGFBRAP1,0.30122936
NPNT,0.30107236
SLC5A6,0.30104175
PDX1,0.30099398
BBS10,0.30098885
ARL4D,0.30096582
MIB2,0.3009497
FBXL2,0.3008602
ACYP2,0.30078217
TESK1,0.30044657
DNAJC2,0.3004422
GPIHBP1,0.3003893
STAM2,0.30036315
COPS7B,0.3003363
HMGCR,0.30033147
LCA5,0.3002908
POLL,0.30013835
SNX15,0.30005705
HSH2D,0.29990503
TRIM35,0.29985332
TBC1D25,0.2997858
GPRC5B,0.29930687
CCNL2,0.29926378
S1PR1,0.29915163
TNFSF11,0.29906338
TRIM22,0.2989744
DEPDC1B,0.29895929
GPI,0.29893667
ACP1,0.2988648
DLX4,0.29879984
C17orf49,0.29874006
PEG10,0.2986493
CLDN8,0.29861206
AATF,0.29859787
SCRN1,0.29855767
TARDBP,0.29851812
MTHFD1L,0.29850873
PPIE,0.29848233
HOXC4,0.29848212
CRTC1,0.29847032
ZPR1,0.29845795
ZNF479,0.29837373
FAM120A,0.29798168
GPR156,0.29791337
SLC25A52,0.29785708
CARD9,0.29770324
CIDEA,0.29751664
NLGN2,0.2975158
SLC7A14,0.29750448
SLC35A2,0.29747087
COPB2,0.29738092
COPE,0.29724938
KLF7,0.2970156
EPB41L4B,0.2969585
ATAD1,0.29694903
UBE2T,0.29685995
GCGR,0.29679394
APOC3,0.29665527
B3GALT5,0.29661995
KCNE2,0.2965045
MATN1,0.29627296
TFRC,0.29626077
PM20D1,0.29619047
TAPBP,0.29618397
CWC27,0.29607937
ALDH3A1,0.29601812
SAP30BP,0.29593208
SNRPD2,0.2957979
UBQLN1,0.29564363
HAND2,0.29554498
CPT2,0.29549712
RTN3,0.29540354
POGLUT1,0.29534408
CHRM5,0.29503593
CALB2,0.29471147
GJB2,0.2946806
NSMCE2,0.29464293
HIST1H4C,0.29452348
ATF7IP2,0.29450455
SCARB1,0.29447803
CEBPG,0.29443383
ACAN,0.29442438
MTPAP,0.2944018
GNG13,0.29434684
INTS8,0.29434684
RNF17,0.29421562
TXN,0.29420525
CADM1,0.2941457
PFKM,0.29399386
MVP,0.29384547
GABRG2,0.29332888
ULK1,0.2931864
SH3GL1,0.29318205
FKBP6,0.29317856
IL22,0.29305452
CX3CL1,0.29303363
SRSF9,0.29290155
PSMB6,0.29285136
SSX3,0.29281235
NCOA4,0.29280606
ZFP1,0.29259175
EBF4,0.29253826
C9orf72,0.29230788
MYF5,0.29224992
IGSF8,0.2920501
HIST1H2AD,0.29196534
PROKR2,0.29190785
APOBEC3A,0.2917118
PPIA,0.29165965
ADAR,0.29149497
LDOC1,0.29147083
PIKFYVE,0.29142714
RNF180,0.2913966
PNRC2,0.29136673
RSBN1L,0.29136324
PSME3,0.291163
EOGT,0.29112467
S1PR3,0.2911145
MED17,0.29089037
CARD10,0.29082218
ARHGAP28,0.29079545
SIRT3,0.29077944
CPB2,0.29077098
EIF2B4,0.2907698
DNTT,0.29075897
FABP7,0.29069716
PLA2G6,0.29051492
DLAT,0.29030076
PUM1,0.2902913
MAN2A2,0.29020104
TYMS,0.2900339
MAOB,0.2899913
UBE2N,0.2899487
CDC40,0.2898647
ZNF175,0.28984854
GABRD,0.2898427
KHDRBS3,0.28974172
API5,0.2895637
ZNF121,0.28954867
INSL3,0.28954643
KRT24,0.28946382
TRAK2,0.28938603
PELI2,0.28937635
RANBP3,0.28936505
KPNA6,0.28899035
GUCY2C,0.28873
PRKRA,0.28866553
CLEC10A,0.28841308
F2,0.28823388
COL4A3BP,0.28818664
SOX15,0.28810212
MTERF2,0.28809685
POLR3A,0.2879658
CHRNA5,0.28793803
DCAF11,0.28787765
RGS2,0.28778717
LMX1A,0.28776553
PUF60,0.28775433
GPC6,0.28773433
TERF2IP,0.28773078
C3orf52,0.28771013
PCDHAC2,0.28769812
NPPA,0.28768116
ACSM5,0.28766096
ZNRF4,0.28746304
KCNV2,0.28741574
GNAI3,0.28738895
ARPC2,0.28734475
DDIT4L,0.28732413
PPP1R26,0.28717607
SMUG1,0.28715745
ARSG,0.2871504
CARF,0.2871049
PARP15,0.28704506
EVI5,0.2870389
AKAP14,0.28702465
SDCBP,0.2870137
SLC16A3,0.28700167
DCP2,0.2869656
SLBP,0.2869425
LARS2,0.28693348
ZNF35,0.28688565
TXNL1,0.28680944
ZMYM6,0.28679165
FAM9A,0.2867416
STK39,0.2865693
EXOSC4,0.28648123
GBA,0.28645337
HAPLN1,0.28637207
TPP1,0.2863064
ISL1,0.2862118
CCDC155,0.28619376
OCA2,0.28616127
MAGEE1,0.28614452
GDAP1,0.285988
SNRPB,0.28596407
CHAT,0.2859542
IL1RAPL2,0.28588748
CST6,0.28587335
F2RL2,0.28573087
BCAS4,0.2856697
FKBP9,0.28564182
ATP11A,0.28560472
NFATC2IP,0.28558967
RTN1,0.28535372
LIMD1,0.28533065
TRPV2,0.28516787
EIF3F,0.28512982
FCN2,0.28510493
GFPT1,0.2850358
PRELID3A,0.28501457
TCEA1,0.28492033
KNTC1,0.2848684
SLC22A11,0.28486413
SSH3,0.2848538
ITGAL,0.28478232
CNP,0.28477272
UBA2,0.28464305
SCEL,0.28464162
XPNPEP3,0.2845987
BHLHE40,0.28455824
EPN3,0.28451997
CRLS1,0.2843882
ARSB,0.28431386
SERPINB12,0.28423563
FILIP1L,0.28423563
WDR83,0.28422835
NSMCE4A,0.2839775
S100A14,0.28369588
ADRA1D,0.2836129
GJA3,0.28360572
GNGT2,0.28360337
KRT83,0.28360224
OSBP,0.28356633
DBR1,0.28347853
EXOC6B,0.28344464
MICU1,0.28339782
LRIG1,0.2831797
PPP1R15B,0.28316808
EGFL8,0.28309622
CPSF4,0.2830935
PTBP2,0.28304014
UBE2W,0.28287774
ZNF365,0.28284463
LGI1,0.2828428
ASPH,0.28260964
HPSE,0.28254366
SLAMF7,0.2823554
PDCD2L,0.28230983
NECAP1,0.28219754
TOR3A,0.2821653
FST,0.282065
ZFR,0.28204983
RAP2B,0.28194615
NT5DC3,0.28176928
CORO1A,0.28169397
SULT1A1,0.2816479
EIF4EBP3,0.2816196
TNFRSF13B,0.28137827
WLS,0.28135052
CCR10,0.2812901
ZNF260,0.2812848
HOXB8,0.28124875
LPAR6,0.28105986
PDE3B,0.28092572
PSAT1,0.2808116
HAUS7,0.28079453
HNRNPLL,0.28066045
BTN1A1,0.28053403
CLEC5A,0.2805124
AHSG,0.28048214
CHRM3,0.28043428
SDCBP2,0.28039816
APOA1,0.2803447
AHRR,0.2800403
ESRP1,0.28003672
TWNK,0.27999085
SPC25,0.2799448
ZNF69,0.27991647
PTPN21,0.27990204
DCTN4,0.27983338
POLE4,0.27979812
MTRR,0.27951732
RTN2,0.27949482
KIFC2,0.27945435
CEBPZ,0.27942276
DPH1,0.2793952
MANEA,0.27921402
SSU72,0.27918682
TPRN,0.27906653
CYP2A6,0.27904546
LASP1,0.27887177
IARS,0.27885884
LNPEP,0.2788447
SMTNL1,0.27881414
SLC39A4,0.27874866
GABRE,0.27866155
THOC6,0.27864826
DNAJC11,0.27863252
PLIN3,0.2785731
SDR9C7,0.27854496
ZFP64,0.27853745
EIF4G1,0.27844363
NTMT1,0.27808324
SAP18,0.27803278
EIF4A1,0.277959
PLXDC1,0.27795085
TBC1D1,0.27783582
RAB3GAP1,0.27782926
DFFB,0.27768642
MAN2A1,0.27755275
ACTR1A,0.2773483
ACTR1B,0.27734315
BAHD1,0.27721208
EDN3,0.27706853
DMRTC2,0.2769541
MUC3A,0.27686927
NOSIP,0.27680734
DCUN1D1,0.2767926
FBXO22,0.2767607
PLA1A,0.27671292
CERS2,0.2766873
HTR3E,0.27663103
B3GALNT2,0.27659053
VSIG1,0.27636635
PSMD11,0.2763341
SAMD11,0.2763266
NAF1,0.2762833
AGT,0.27588362
AIM2,0.2758411
ALDH18A1,0.2756823
AIP,0.2755947
CYBA,0.27558738
FHL3,0.27556846
GALC,0.2755047
GRAMD4,0.27542308
CD86,0.2753759
PDK2,0.27537087
BLVRA,0.2753063
KLK15,0.27527034
RASD1,0.27526718
MAF1,0.27526623
GSC,0.27520552
GABARAPL2,0.27510065
VPS52,0.2750388
SRSF2,0.2749887
PPP2R3B,0.2749268
EHD3,0.2747875
PHACTR3,0.27473196
SNRNP40,0.2747223
RAB11A,0.27470595
C6orf136,0.2746904
PSMD3,0.27465782
C2CD2,0.27460355
HOXB3,0.27451184
KLF12,0.27448916
D2HGDH,0.27442265
MAATS1,0.2742928
ACO1,0.27419427
MTNR1A,0.2740606
RASAL1,0.2740557
CYTH2,0.27400625
GALNT2,0.27389738
INHA,0.27386367
CLIC2,0.2737707
LDB2,0.27376622
KAT14,0.2737585
SOD1,0.27370876
CALU,0.27365392
8-Mar,0.27363476
PABPC4,0.27355444
KLHDC3,0.2733075
FASTKD1,0.2732761
SHBG,0.2732488
NAALAD2,0.27324322
MATN4,0.27319854
ICAM4,0.2730814
LUZP4,0.27297667
SUGT1,0.2729031
NCDN,0.2728626
THEMIS,0.27272868
POLR3B,0.27252614
PJA1,0.27243853
HIST1H2BJ,0.27238888
ADAM28,0.2723587
MCM8,0.27224815
LHCGR,0.27222824
FBXO27,0.27215594
ACO2,0.27202263
CPEB1,0.27201673
SOX8,0.27183422
ZFP28,0.27177298
SP110,0.27175298
MAPRE3,0.27160037
F12,0.2714877
SNX10,0.2713877
RRN3,0.27130854
CHRNA7,0.27126488
GTF2A1L,0.27113447
SOSTDC1,0.2711337
STX17,0.2710743
ATRN,0.2710681
PDE7B,0.2709816
XPR1,0.27078936
FHL5,0.27075827
ATP2C2,0.27069342
PRDM6,0.27065435
ITGB1BP1,0.27059838
FOXR1,0.2702253
ARFGAP2,0.27021638
RPUSD4,0.2701975
PTRH2,0.27018446
PSME4,0.2701059
AFAP1L2,0.27007562
PRRG3,0.27003855
KLF16,0.26993486
KCNJ8,0.26992565
HIST1H1E,0.26984343
SOX30,0.26977533
CCNY,0.2697424
FAM84B,0.26963043
ZNF627,0.26961988
GBP1,0.26959532
PCDHA4,0.2695299
RNF25,0.26947337
MTHFD1,0.26946118
NTHL1,0.26939726
ZNF746,0.2693866
MUC20,0.2692503
NMUR2,0.26896778
CMKLR1,0.26888776
IL24,0.26887748
PACS1,0.2688502
CNNM2,0.26880088
GPS1,0.26879874
KCTD1,0.26871243
VWA1,0.26863804
FARS2,0.26855257
BBOX1,0.26847893
TIAF1,0.26846322
ZNF649,0.26828727
ZNF254,0.26817054
AK1,0.2680269
GPR141,0.2680234
GGCX,0.26789525
TMSB4X,0.2677489
PAX6,0.26774272
CRTAP,0.26770097
FERMT3,0.26767245
ZBTB38,0.2675729
PPP1R16B,0.2675245
DCAF4,0.26749116
EYA3,0.2673817
GRHL3,0.2673695
GRM7,0.2670681
GGT1,0.26705953
LSG1,0.2670016
FAM9B,0.2669503
ZNF274,0.2669422
CHRNA2,0.26689976
HINFP,0.26682183
SENP5,0.26681057
CAMKV,0.26674202
UGT2B11,0.26667452
PNMA2,0.26658285
ENC1,0.26648903
SSTR5,0.2664565
SPAG1,0.26626676
JTB,0.26621982
MMD,0.26615623
NSD2,0.2661063
POU3F1,0.26588273
AKIP1,0.26588097
EDEM3,0.26581472
UNC5CL,0.2657798
WDR4,0.2655588
IL2RA,0.26551306
CITED4,0.2654589
ACTR3,0.26545444
DIO3,0.26543075
RAVER1,0.26538146
TSPAN12,0.2653808
PPP1R18,0.26534364
TNP2,0.2652671
TP53TG5,0.26501495
LRG1,0.2649001
SERHL2,0.26483735
BFSP1,0.2648192
SKAP2,0.26468632
CCR5,0.2646211
COA1,0.2644097
PIANP,0.26424408
SWI5,0.26412284
SEMA6A,0.26405331
NIPA1,0.26400536
HDGFL2,0.26397115
DEFB1,0.2638793
DGAT2,0.26373962
CHMP6,0.2636483
DPY19L4,0.26353794
CNN2,0.2635032
TIMP1,0.2634246
RTN4R,0.2634182
NUPR1,0.26330355
ST6GALNAC6,0.2631737
DHCR7,0.26311293
CLDN5,0.26311028
INCA1,0.26309544
GABRA5,0.2630461
SLC7A11,0.2629996
CDHR3,0.2629516
SLC9A6,0.2629273
LOXL1,0.26280472
AGO4,0.26268545
MEPE,0.26255298
CHRNG,0.26253995
BMP4,0.26245445
RINT1,0.26245314
GPM6A,0.26240185
EMB,0.26230085
UQCRC2,0.26223066
MYH8,0.26218545
ZCCHC8,0.26215664
WIPF2,0.26214212
CEND1,0.2620931
F10,0.2620805
ST3GAL6,0.26200157
NELL2,0.2619447
INSM1,0.26192415
FKBP3,0.2619068
GOLGA7B,0.26189873
SUGP1,0.26184773
ASAP3,0.26173267
FNDC5,0.2616997
OMP,0.26169932
ZNF689,0.26163203
FBXO15,0.26161027
DCTN2,0.2615914
RCN2,0.2615685
ADAM2,0.26156518
AP3M1,0.26149824
LDHC,0.26149258
SLC30A5,0.26136214
AMY1B,0.26112664
HM13,0.26099345
ZNF143,0.260921
SIRPB1,0.26085633
PFN2,0.2606911
PMVK,0.26061448
FBXO3,0.2605432
CYP4F2,0.26050383
PTAFR,0.26041046
STEAP4,0.26036632
MYNN,0.26030907
SP2,0.26030812
ENTPD7,0.2601685
EXOSC8,0.26016477
BMP6,0.26008308
NXF3,0.25998345
PCSK2,0.25994927
CSF2,0.2599341
P3H3,0.25983855
NAT2,0.25981873
ITGAM,0.25962755
BMP2,0.2595578
HS2ST1,0.2593489
ENTPD5,0.2592177
EXOC6,0.2589795
DYRK3,0.25893435
GPR50,0.2588999
ALKBH8,0.25885195
RIMKLB,0.25878623
STRBP,0.2587588
LARS,0.25875294
UBXN7,0.2586222
TCF21,0.25839582
GDI1,0.25832352
STRN,0.25831527
CFD,0.2582205
GPT2,0.2581817
ELP3,0.2579366
APOE,0.25781402
PDIA2,0.2578132
CDC42EP3,0.25779235
RIPOR2,0.2577433
RNF103,0.25772724
C5AR1,0.2577077
AKT1S1,0.2577063
RRAGB,0.25762972
NEU1,0.25759187
NOP58,0.25756514
IPMK,0.25751403
SRSF4,0.2574921
EPHX1,0.25737578
MSI2,0.25735706
PHB,0.25730795
ZNF207,0.25716972
SUMF2,0.257132
KLK13,0.25712174
HES7,0.25710002
BNIP3L,0.25684932
SCGB1D2,0.25679615
PPP1R14C,0.25678504
CTLA4,0.25678048
PURA,0.25678033
RPL26,0.2567669
CASKIN2,0.2567124
CXCL10,0.25660008
TWF2,0.2564107
MEX3D,0.25636965
ATP6V0B,0.25636196
LRRK1,0.25629103
KRT71,0.2562282
KHK,0.25614583
PCDHB15,0.25611952
HOXA3,0.25607523
PCDH17,0.25581452
SLC22A1,0.25569034
PLIN5,0.255681
MUC1,0.25562036
FERMT2,0.25556207
SPDEF,0.2555553
KRT31,0.25551507
TMEM59L,0.25549448
MTMR2,0.2553718
CLEC2D,0.25532967
ARL6IP6,0.25532535
PPWD1,0.25531745
ALOX5AP,0.25526932
KLK3,0.25523314
WDTC1,0.2549933
SPPL2A,0.25488415
ACE2,0.2548555
GTF2IRD1,0.2548334
ADAM33,0.2548326
SRP19,0.2547517
QSOX1,0.25472188
NEK6,0.25461417
NECTIN1,0.2545684
LRRC8A,0.25455463
AKAP17A,0.25451106
GCNT2,0.25449643
CALB1,0.25446412
LRIG3,0.25435537
SCUBE3,0.25434324
SLC35B2,0.25421375
IGF2BP3,0.25421342
FAM20C,0.25420964
SGMS2,0.25420547
HADHB,0.2541609
SUN2,0.25412825
PITRM1,0.25407413
RSL1D1,0.25406417
RAPSN,0.2539445
ZNF653,0.2539399
LDB1,0.2538679
URI1,0.25378522
RBSN,0.25376475
EFHC1,0.25358757
AMIGO2,0.25349742
CCDC106,0.2533697
COPZ1,0.25334927
E2F8,0.25334534
KRT81,0.2533234
GSPT1,0.25326097
CDKN2AIP,0.25324032
GLE1,0.25311068
FCGR3A,0.25307757
RNF135,0.25295123
POLR2J,0.25290778
ATL3,0.2527719
PDHB,0.2527682
ANKRD13C,0.25263274
LMBRD1,0.25263023
SOD3,0.25261438
HAND1,0.25250337
SULF2,0.25235137
CALR3,0.25231895
GLRX2,0.2522807
KCTD12,0.25225613
GALNT12,0.25213286
SRP68,0.25212377
TRIM5,0.2521195
TNFAIP1,0.25188988
XAB2,0.25185806
LAMP5,0.25158638
TAF1A,0.25157624
PNMA1,0.2515613
SIX5,0.25147873
CDC42EP1,0.2513826
CTTNBP2NL,0.25133416
DDX27,0.25130254
DHH,0.25120908
PDE9A,0.25112143
CDKN2D,0.25096682
TIMM50,0.2509082
CLIP3,0.25066492
ARHGAP6,0.2505494
B3GALT1,0.25040033
ELMOD1,0.24998146
MRPL36,0.24991384
IRX2,0.24975167
ST13,0.24974224
GMEB2,0.24969903
USP9Y,0.24962987
HENMT1,0.24962036
CCL13,0.24960135
CLDN3,0.24948853
LITAF,0.24939024
UTP15,0.24936976
RPAP2,0.24930486
LRRTM1,0.2492992
PSMC4,0.24924791
FBXL12,0.24919392
HIST1H2AH,0.24917778
FKBP1B,0.24916585
INSIG2,0.24905066
GABBR1,0.24901718
TCEAL1,0.24901216
MC4R,0.24900568
FAM20A,0.24899666
ABCE1,0.2489107
USF3,0.24874368
SULT1C3,0.24860916
GLIPR2,0.24850117
MED10,0.24830838
APEX2,0.24826394
IL20RA,0.24824813
UBE2V2,0.24817882
CD1D,0.24811786
NEUROD6,0.2480595
PARVB,0.24792723
HEBP1,0.24783026
PDE12,0.24778038
PSMA2,0.24775384
ATG14,0.24762751
GTF2E2,0.24761729
UBA52,0.24758986
SLC6A9,0.24751745
GLUD1,0.24737877
SERF2,0.2472018
P2RX2,0.24709529
BMS1,0.24696332
P2RY12,0.24696305
UCHL5,0.2468881
ZNF513,0.24671263
SCN2B,0.24660417
SERTAD2,0.24652857
MGME1,0.24649571
ZDHHC3,0.24648997
MYOT,0.24647033
MTMR7,0.2463712
ABCC5,0.24623396
MYCBP,0.24622229
RAB5A,0.24610238
TRIM50,0.24595073
AHCYL1,0.24594583
ING3,0.24591355
UTP3,0.2457478
PYGO1,0.24573176
PIWIL3,0.24570769
FOPNL,0.24570411
BOK,0.24566181
MSR1,0.2456045
KCNH3,0.24558581
USP14,0.2455796
P2RY2,0.24546014
ARX,0.2454564
AZU1,0.24542491
GINS2,0.24535112
TSC22D4,0.24524428
CCL24,0.245175
POC5,0.24510492
GARS,0.24501623
HTR3D,0.2447064
EIF2D,0.2446227
SOAT2,0.24456055
GNB4,0.24448223
BRAT1,0.24444926
BDKRB1,0.24441607
SSTR1,0.24431215
KATNA1,0.24427925
BANP,0.24427018
ARNT2,0.24415366
PRSS50,0.24412492
DHX30,0.2441133
PTOV1,0.24409091
CHRND,0.24405324
PPOX,0.2440005
STXBP1,0.24399583
MEX3B,0.24378407
AZIN1,0.24373494
DIO2,0.2437171
CA14,0.24366024
FADS2,0.24352717
SLCO3A1,0.24350604
DNASE2B,0.24349762
RNF167,0.24345686
MOXD1,0.24338175
ANXA3,0.24334815
TKT,0.24331534
GDPD1,0.24330355
KRT80,0.24328203
NUP62,0.24326922
PELO,0.2432409
SOX11,0.2431192
SERPINB8,0.24303608
ESAM,0.24293737
BCAT1,0.24288549
GRID2,0.24271846
SLC39A13,0.24270958
LDHA,0.24247621
USP21,0.24247453
SLPI,0.24243529
ZNF208,0.24241617
ZXDB,0.2424116
SRY,0.2423732
SLC6A5,0.24235073
VPS4A,0.24231865
ABCD4,0.24225515
LAT2,0.24204004
PPP4R1,0.24199691
DHX8,0.24172801
HOOK3,0.24164985
AGER,0.24159722
SLAMF1,0.24159062
RNF10,0.24158812
CYB5A,0.24148457
LY6D,0.24148013
CCL23,0.24132751
GDPD2,0.24128903
DDN,0.241132
POC1B,0.2411305
EIF2S3,0.24112013
SLC27A5,0.2410655
IL13,0.24105506
BOP1,0.24099733
SNX19,0.24085905
ANKS4B,0.240845
ZNF449,0.24079727
PIEZO1,0.24076103
NARS2,0.24075395
CBR3,0.2407464
HACL1,0.240611
CERS3,0.24060242
SRSF7,0.24052942
CCL20,0.24049917
KCNJ6,0.24045916
CYP2W1,0.24043183
KRT32,0.24030805
PHLDA1,0.24026439
KLHL21,0.24025789
SYT5,0.24014701
APOH,0.24007347
CCL25,0.23989834
ENDOG,0.23976094
EXOSC10,0.23973802
ISYNA1,0.23970008
STX11,0.23963614
GNG4,0.23947889
DMRTB1,0.23941502
HTRA2,0.23917349
RAD23A,0.23911943
SPRY4,0.23900634
NOL8,0.23890243
MR1,0.23883127
CAPN2,0.23882033
HSPA14,0.23878343
NOL7,0.23878077
KRT2,0.23872899
RALB,0.23864476
PPP4R2,0.23860659
PRDM4,0.23854579
CD68,0.23850511
KCNF1,0.23846127
UCKL1,0.23844512
MBD3L1,0.23841745
AVIL,0.23836885
TAF4,0.23833765
ADAMTSL2,0.2381864
MAEA,0.23805262
ENPP6,0.23801965
ATG4D,0.23794338
FEM1B,0.23791109
RPS9,0.23787525
MCOLN3,0.23781024
MECR,0.23774071
MBD4,0.23770437
B4GALT4,0.23754825
GAS2L2,0.23751414
SLC33A1,0.23744616
FUZ,0.23743527
RUFY2,0.23734544
NSUN2,0.23732607
OSCAR,0.23729815
IL36RN,0.2372594
PDE6G,0.23720422
KCTD13,0.2371318
SLC7A5,0.23696905
HMG20A,0.23693179
FGD3,0.23677114
C12orf65,0.23671581
LOXL2,0.23662025
MLF2,0.23659481
SERPINB6,0.23658678
TPH1,0.23657711
MLLT6,0.23654568
TREML1,0.2365173
ZNF395,0.2364457
ARPC1B,0.23643191
BARX2,0.23641863
SNRPD3,0.23640008
RPL23,0.23633376
AVL9,0.23629844
SCN8A,0.23627982
GJB3,0.23608829
VIP,0.23597175
TAF7,0.23597014
KCNK16,0.2359334
DKK3,0.23591667
KCNS2,0.23590584
CLIC6,0.2358099
OLR1,0.23575611
PTP4A3,0.23575118
UBR1,0.23574682
PIP5K1B,0.23554882
SERPINB4,0.2354967
FNDC3B,0.23542318
ANAPC4,0.23541857
IFIH1,0.23537582
SLC39A7,0.23525585
SNX2,0.23509315
ABR,0.23507737
ALOX5,0.23496172
COCH,0.23489116
CRLF3,0.23487538
IGHG2,0.23482877
UXS1,0.23477021
PHC1,0.23469307
MYL7,0.2346633
TAP1,0.23460612
NAP1L1,0.23457158
SPZ1,0.23455384
ZFP91,0.23445524
IL5RA,0.23445207
NCALD,0.23443276
KRT72,0.23438369
ALDH9A1,0.2343227
SMOC1,0.23426527
SCYL3,0.23418131
GOLPH3L,0.23416565
GSTO2,0.23411609
RIC3,0.23410396
CTIF,0.23403014
AAAS,0.23401515
METRNL,0.23383172
RPS3,0.23380455
CD69,0.23367237
CNIH2,0.23351032
VSIG2,0.23346785
APBB2,0.23345636
SLC1A1,0.23340392
FYCO1,0.23339333
PRRG4,0.2333268
RABL6,0.23332046
SIRPG,0.23330261
A4GNT,0.23308772
TOX,0.23307078
CD3G,0.23298341
TFG,0.23297304
GNAT2,0.23292843
PLD3,0.23290603
ADORA1,0.23283152
KCNE4,0.23271348
LDHB,0.23257814
EAF1,0.23254725
TWF1,0.23251832
GPR37,0.23240113
SMOC2,0.23204103
SPDYC,0.23202793
GGCT,0.23196188
ARID5A,0.23189011
CXCL3,0.23185563
DCAF17,0.23177303
PSMB5,0.23151433
CLEC4G,0.23148453
FLOT1,0.23138061
AP3M2,0.23124297
SAT1,0.23118594
SEZ6L,0.23113033
CLDN1,0.23108716
ATP8B1,0.23105693
SF3A1,0.2310489
RDH5,0.23103085
FCGRT,0.2309738
HOXA2,0.23093468
BDH1,0.23092003
CCNC,0.23053378
KRT19,0.23039712
CMA1,0.23030293
HOXB7,0.23030199
ECE2,0.23028009
SMARCAL1,0.2301559
ACADSB,0.2301413
ATP2C1,0.23011297
ELMO3,0.23006585
TSPAN7,0.22976156
SLC25A5,0.2297269
PYDC2,0.22970802
GCHFR,0.22965197
PSME1,0.22945449
INO80B,0.22935615
SEC24D,0.22904179
BTNL3,0.22895637
BEX2,0.22873686
CTDSP1,0.22863641
ROPN1L,0.22857966
CALCRL,0.22850926
CLK4,0.2283538
CD80,0.2283188
DNAI2,0.22824594
FRG1,0.22816369
NAP1L4,0.22813673
RNF170,0.22812837
PROC,0.22812776
RHOD,0.22806
SLAIN2,0.22796325
RBPMS,0.22793037
ANXA5,0.22792673
CSGALNACT2,0.22790265
CNGA3,0.2278538
TULP2,0.22784644
MBTPS2,0.22777562
PEX7,0.2277108
DPY19L3,0.22755523
UBASH3A,0.22746043
PPBP,0.22745368
P2RY1,0.2273896
IPO13,0.22733414
GPR1,0.22720277
ADAM19,0.22720137
GGT7,0.22711225
PODXL2,0.2270536
SLC41A3,0.22702695
USP26,0.2268664
FBXO2,0.22685145
UBE2G2,0.226793
MC3R,0.22673757
COX20,0.22637089
PGS1,0.22625981
RDM1,0.22625755
ADH7,0.22612025
FGG,0.22572492
HLA-DRB5,0.22567944
PSMD13,0.22566666
CNNM1,0.22566463
ARPC3,0.2256028
CD81,0.22554503
DACT2,0.2254958
DNALI1,0.22543098
FOXR2,0.2254115
SCML2,0.22534388
EIF5A,0.22523846
OVCA2,0.22520618
SLC14A1,0.22516492
KCNJ10,0.22512347
BAG5,0.22510186
NPEPPS,0.22490501
TAF1C,0.22468916
SLC14A2,0.22467369
USP17L2,0.22460873
EML4,0.22451434
SOX7,0.2243332
SHROOM1,0.22431305
SELENOS,0.2242807
PLOD1,0.22419049
IFT172,0.22417714
TXNRD1,0.22408573
LPIN2,0.22408465
B4GALT3,0.22396807
LETM1,0.22386704
YARS,0.22374703
GSTM4,0.2236547
MTMR14,0.22363727
EDN2,0.223462
WARS2,0.2234541
GRIK3,0.22342865
PFDN5,0.22338869
NSMAF,0.22336417
SEC24A,0.223316
NUP54,0.22329135
ARCN1,0.22327241
ATF6B,0.22304535
SHKBP1,0.22294693
SLC22A2,0.22289711
GSTP1,0.22256391
FBXL7,0.22255221
CANX,0.22248632
FOXJ1,0.22248155
RPL27,0.22246781
SOX3,0.22237204
WDR11,0.22233915
POC1A,0.22230792
PGAP2,0.2223057
PVR,0.2222436
CRHBP,0.22213484
ALPL,0.22204529
PRPSAP2,0.22201927
NEUROG1,0.22197449
CDCA4,0.2218864
TWSG1,0.2217891
KCTD2,0.22162703
OPCML,0.22161038
SPAST,0.22159888
ERMP1,0.22152975
EGFLAM,0.22152482
PIGW,0.22145806
NOVA2,0.22144501
ALDH1A2,0.22130886
PRDM10,0.22129723
TGM1,0.22121614
HTR4,0.22120003
CLEC12B,0.22117452
S1PR4,0.22110543
RASL10B,0.22109887
NRL,0.22106692
HIST3H2A,0.22104087
MOGS,0.22100544
ARGLU1,0.22093694
ACSBG1,0.22083095
PCYT1A,0.220685
FOXRED2,0.22067544
PEBP1,0.22060739
FOCAD,0.22058079
MED25,0.22049424
CLSTN3,0.22048794
ZNF10,0.22043727
OLFML3,0.22043061
RFXAP,0.22028707
ATP6V1B2,0.22006536
CARD6,0.21996512
PCDHA6,0.2198205
SLC15A4,0.21966407
CNEP1R1,0.21944334
ITIH2,0.21937342
ALDH3B1,0.2193312
DUT,0.21921551
UBE2S,0.21917589
MTMR6,0.21915531
EPHB4,0.21900655
A1BG,0.21895912
NDUFAF6,0.21885617
PDE4B,0.21883975
TBCC,0.21883668
GSTM3,0.21878754
SH3BGRL2,0.2187157
SIRT5,0.21863845
TPPP,0.21862887
NEU2,0.21861349
CLEC4A,0.21855427
RRAGD,0.21852641
FBXW2,0.2184908
DNAJB12,0.21826221
RAB4B,0.21816076
EIF6,0.21816
RPS3A,0.21812251
LARP6,0.218038
PIGG,0.21798548
HOXB4,0.21791583
SCNN1G,0.21790637
NKX3-1,0.2178752
DHX16,0.2178352
NLRX1,0.21777102
AQR,0.21776909
KRT73,0.21773544
PSRC1,0.21771142
ARNTL2,0.2176343
ARHGEF3,0.21759579
VPS33A,0.21751252
NAGK,0.21748938
SAT2,0.21737684
PDE6A,0.21730547
ZNF687,0.21729366
TBX1,0.21728645
RPP30,0.21722135
CD1B,0.21715322
GPX1,0.21712145
RASL11B,0.21697079
RAB11FIP4,0.21691965
GNA11,0.21690798
PALM,0.21685946
PELI3,0.21685623
POU6F2,0.21681681
CNKSR3,0.21678221
PDCL3,0.21676779
GLIS1,0.21673319
GCDH,0.21669264
RPS27,0.21656424
DDX3Y,0.2165532
PAEP,0.21647212
TMEM74,0.21627156
CSPG5,0.21621276
FIBCD1,0.2162079
PDK3,0.21615313
NPC2,0.2161382
NOA1,0.2160595
OXCT1,0.21594696
LHX9,0.21591696
TADA2B,0.2157874
AMY1A,0.2157237
SLC22A17,0.21563582
HAUS4,0.21551763
FADS1,0.21551605
MS4A1,0.21551266
PNISR,0.21549682
SCN3B,0.21541345
ZSCAN26,0.21540976
KRT7,0.2153374
FSD1,0.21520014
APOL1,0.21518397
LDLRAD1,0.21515103
HIST1H4I,0.21514927
AMY2A,0.21499018
GBA2,0.2149684
CERK,0.21490194
SULT1A2,0.21459562
PDZK1,0.21434212
KRT38,0.21425895
PTPN9,0.21424818
CYTH3,0.21415877
CKB,0.21411361
PTX3,0.21401837
ICAM2,0.2140101
MTAP,0.2138943
MDFI,0.2138427
STX1A,0.2138277
PLSCR3,0.21380477
OTX2,0.21370351
MCCC1,0.21365835
ATP5F1B,0.21358284
SNRPA1,0.21355766
PPIP5K1,0.2135563
KLF3,0.213488
RBM27,0.21343833
CAPG,0.21331163
BASP1,0.2132016
NMNAT1,0.21316077
DPYSL3,0.21310316
PDZD4,0.2129497
ZNF658,0.21287763
FOXN1,0.21280706
ABLIM3,0.21278004
HRH4,0.2127702
PTCD2,0.21275958
SIX2,0.2127124
UBQLN4,0.21269937
RAB25,0.2125338
SEC61A2,0.21248353
TECPR1,0.21240713
TMX3,0.21236001
ZBTB25,0.21232109
TCF19,0.21229853
PEX11B,0.21225621
FIGLA,0.21224259
NUDT21,0.2121433
KRT34,0.21202148
SFMBT2,0.21197584
RPS25,0.21196333
ZNF628,0.21193723
METTL3,0.21187896
NPM3,0.21179606
ICAM3,0.2117947
SPATS2L,0.21169458
ABCD3,0.2115787
KRT76,0.21154056
MED16,0.21136384
DMGDH,0.21132663
GET4,0.21129589
MARS2,0.21120413
KCTD17,0.21116401
KRT78,0.21111515
RPL35,0.2108835
CNTF,0.2107421
NSMF,0.2106944
ECI2,0.2106653
PSMA5,0.2105428
S100A8,0.2104519
TXNRD2,0.21038863
TMEM47,0.21037924
COLGALT2,0.21033096
SARS2,0.2103038
DNAJC10,0.21027389
MRPL45,0.21024692
ATG101,0.21018657
ARF1,0.21006185
DECR1,0.20997818
EIF4E3,0.2099292
CSTF1,0.20982137
PHLDA3,0.20982039
ZNF18,0.20964602
KEL,0.20946054
OTUD7B,0.20940998
SLC8A2,0.20921467
CPNE6,0.20911719
ARPP19,0.20903833
MBIP,0.20868966
PCDHA13,0.20866635
AASDHPPT,0.20863006
FAM20B,0.20857829
ZNF384,0.20855343
CMPK1,0.20847635
RIPPLY1,0.20837025
CHRNA4,0.20809023
RNMT,0.20800367
EGFL7,0.20795247
HPS5,0.20795205
DYNLRB1,0.20784654
JPH3,0.20780188
LILRB1,0.20780131
MED13,0.2077867
FHOD1,0.20771787
ADAM21,0.20765048
APOL2,0.20760138
KLF13,0.20739923
C1QTNF9B,0.20739491
IL4I1,0.20733967
MAB21L1,0.2073004
ELL2,0.20728372
CCR7,0.20724636
COL13A1,0.20710595
TRAM1L1,0.20709902
GRHL1,0.20703812
BEST2,0.2070001
TKTL2,0.20691007
HK3,0.20689118
EHD4,0.20673312
ARHGEF10L,0.20664375
DDAH1,0.2065791
COLEC12,0.20648259
STK26,0.20643052
GLYATL3,0.2063617
ATP1A4,0.20630766
CTH,0.20617785
OSTF1,0.20574066
NUP43,0.2056908
PSMD12,0.20567264
DDX54,0.20564443
ZNF3,0.20563477
HLCS,0.205441
PSMA1,0.20536552
SF3B4,0.20522408
PNPLA8,0.20503731
TSPY1,0.20489356
ZNF597,0.20488155
GALNT6,0.20486902
CLDN19,0.20479476
PKN3,0.20469682
KATNAL2,0.2046149
SLC6A6,0.20459512
UCP3,0.20443447
LHX1,0.20442732
OLFM3,0.2043324
TCL1A,0.20422634
MLANA,0.20422052
ZNF317,0.20419154
NME7,0.2041366
TMSB10,0.20412058
SEZ6L2,0.20409466
KCNA6,0.20408204
KIF9,0.20406522
IDH3A,0.20395224
RPL21,0.20393246
CCNDBP1,0.20393214
COPS8,0.20391738
HNRNPDL,0.20387365
CDC26,0.20385106
BHLHE22,0.20384273
SEZ6,0.20380536
GLDC,0.20355375
ZNF98,0.20354676
COG5,0.20339648
LRRC3,0.20332597
TUBB6,0.2033163
GPR142,0.20325896
UTP18,0.20319705
JAKMIP2,0.20312378
MTR,0.202958
ALX1,0.20284799
MSRA,0.20251018
ADCY6,0.20245576
SNAP29,0.20239177
IMMP2L,0.20238689
ACSL6,0.2023621
HIST2H2AB,0.20231706
MFN2,0.2023056
CLDN10,0.20224777
NDRG4,0.20219797
RAB37,0.20219064
TRIM31,0.20216869
SERPINH1,0.20199962
NACC1,0.20197396
CCR4,0.20186624
ANXA11,0.2018616
APOA5,0.20180362
OMA1,0.2017635
MPP5,0.20167145
EPB41L5,0.2016502
TRMT44,0.20161293
KRT86,0.20145582
SYT4,0.20144187
CNR1,0.20142427
SIPA1,0.2012912
FASTK,0.20123456
CHMP1B,0.20115663
MGAT3,0.20105731
CENPH,0.20100681
ANAPC16,0.20098743
NUDT10,0.20095962
HERPUD1,0.20087206
KLK5,0.20082939
OPN4,0.20072408
SLC35G1,0.20068777
SART3,0.20036213
TXNDC16,0.20029849
PCDHGC4,0.20029715
U2AF1L4,0.2002187
PYCR1,0.20018569
ZRANB2,0.20016713
PRKAR1B,0.20011851
VAC14,0.19998708
LYAR,0.19994539
LAPTM5,0.19988221
SSX1,0.19969785
PPIAL4G,0.19946957
ZC3H12A,0.19945297
RAVER2,0.199383
PSMC1,0.19923712
PAG1,0.19916406
ERCC6L2,0.19904642
7-Sep,0.1989506
ZNF699,0.19893341
SERPING1,0.19891612
TNFSF12,0.19891405
LPCAT1,0.19888216
PARVG,0.19878171
PNLIPRP1,0.1987438
ESYT2,0.19847852
IL17RB,0.19831482
SOD2,0.19824705
DAO,0.19824572
FEM1A,0.1980774
NOP14,0.19805056
DOC2B,0.19804204
UBL4A,0.19799383
PLS3,0.1979578
PRDX3,0.19788606
STT3A,0.19771409
ABCA3,0.19763121
GRK1,0.1976142
PEX14,0.19753407
ZNF7,0.19744809
MYF6,0.19742025
F2RL1,0.19741754
GPR87,0.19738783
AGPAT4,0.19736288
RUBCN,0.19729735
MTMR12,0.19716468
WBP11,0.19715528
ENTPD4,0.19710718
SLC25A18,0.19705035
SRP72,0.19704802
SEL1L,0.19699094
CTDNEP1,0.19679767
GIGYF1,0.19661318
TNNC2,0.19658737
IL17RC,0.19651267
PCSK1,0.19650124
RAD9B,0.1964018
3-Mar,0.1963838
SMOX,0.19602828
FOXS1,0.19602787
CD151,0.19599566
IDE,0.19596496
TSNAX,0.19596341
NT5E,0.19590846
BTN3A2,0.19578558
ABCC6,0.19573319
HLA-E,0.19567634
DNASE2,0.19567542
MYL1,0.19567515
LMLN,0.19565742
F3,0.19558083
TEX10,0.19551747
ALYREF,0.19548619
CFB,0.19540769
SNAPC3,0.19538388
BRK1,0.1953451
THEG,0.19531502
CD276,0.195262
TNNI3K,0.19525047
HTR6,0.19524077
ZBTB40,0.19517313
SSB,0.19503759
COLGALT1,0.19502392
FGL1,0.19500574
FAM129B,0.1949743
SNAPC1,0.19490948
NRN1,0.19479199
ACTRT1,0.19474944
EMC4,0.194712
SPECC1L,0.1946319
ANKRA2,0.19456147
DPEP3,0.19454665
SLC12A4,0.19444953
AARS2,0.19420189
GATA5,0.19419594
CLIP2,0.19415097
KLKB1,0.19409746
PRNP,0.19409344
GID8,0.19399205
FLOT2,0.19394994
DPYSL5,0.19394629
CARS,0.19380972
FOXD1,0.19379628
UBE2Q2,0.19376647
VPS4B,0.19363402
ASCL1,0.1935566
SPTLC2,0.19354409
TNPO2,0.19340624
OOEP,0.19339456
DMRT3,0.1933601
UNKL,0.19334827
MBP,0.1933192
JMJD6,0.19307174
AKAP4,0.19298689
CLN5,0.19289915
CDK5R2,0.1928816
CMTR1,0.19285749
ZNF503,0.19274284
RPS20,0.19273707
GTF2A2,0.19273384
LRRC8E,0.19264886
WDFY1,0.19245021
NUDT16L1,0.19235341
NRF1,0.19232796
FCGR1A,0.19227226
COX7B,0.19220918
PHF5A,0.19213717
ADRB3,0.19213709
CREG1,0.19210172
C11orf54,0.19207262
SIX1,0.1920662
EIF3E,0.19203828
ACSL4,0.19201383
PFDN4,0.19198273
GSTT1,0.19194238
KIRREL3,0.191898
TBX6,0.1918566
SLC2A1,0.19185452
MAN1C1,0.19174552
NOX1,0.19161785
ATG4B,0.19145367
NHEJ1,0.19140117
NEUROD2,0.19138093
SLC25A38,0.19135712
TINAGL1,0.19115138
DDX52,0.19109155
ARAP1,0.19107956
RPH3AL,0.19104935
TAF1D,0.19096738
ECH1,0.19081399
SLC27A1,0.19081315
ZNF277,0.19075331
MXD3,0.19065236
CEP19,0.19064748
SAP30L,0.19048838
FDFT1,0.19047242
PROP1,0.19045596
SLC5A1,0.19026174
TPRX1,0.19022827
9-Sep,0.19009846
ISX,0.19001837
ALX3,0.18999602
NFIA,0.1899316
CD37,0.18982974
UBR3,0.1896368
ARHGEF5,0.18959202
RBFOX2,0.1895804
KRT37,0.18951525
GLIPR1L2,0.18946566
MDH2,0.18928367
VMP1,0.1892027
KATNBL1,0.18915886
PRPF3,0.18912035
GPR35,0.18910569
GGA1,0.18881501
PRKAG2,0.18881202
PDP2,0.18879323
NUTM1,0.18870698
WIPI2,0.18865913
SLC30A7,0.18862413
PPP1R3C,0.1885936
STS,0.18859011
IL15,0.18858899
BIRC7,0.18856975
DCTN3,0.18852402
KLHL9,0.18847118
EPN2,0.18842681
RANBP1,0.18841723
IL15RA,0.18834378
LANCL2,0.18822357
GRM2,0.18812373
SART1,0.18812233
SGCD,0.18810962
CA2,0.18810736
P4HA2,0.18810557
MEX3A,0.1878528
IFNL3,0.18784983
LGALS7B,0.18780987
MUL1,0.18772706
PIGO,0.18771058
CDIP1,0.18770643
DEDD,0.18760002
RPL28,0.18753663
SYT15,0.18751398
NELL1,0.18724121
KYNU,0.18720211
POLM,0.18718123
GNG10,0.18716702
DNTTIP2,0.18711393
AGMO,0.18702032
ST6GALNAC1,0.1869489
DNAJC21,0.18691485
DNAJC3,0.18690678
ADM,0.18674462
ENPP3,0.18669845
COX10,0.18668921
MGAT5B,0.18660386
P3H4,0.18653862
SLC13A3,0.18647513
CYP11A1,0.18642153
DSCC1,0.18640469
SYTL4,0.18640156
LTA,0.18638094
TLX1,0.18638048
PDIA4,0.1863678
CATSPER1,0.18623275
ATP1B1,0.18620345
STH,0.18620187
FCGR2A,0.18613748
THAP1,0.18612795
FOXL2,0.18611267
UGDH,0.18604174
S100A6,0.18596801
PFDN1,0.18595444
PPIF,0.18578783
DSPP,0.18568477
IL1RL1,0.18565804
TTC21B,0.18556187
SNAPC4,0.18551998
WARS,0.18545291
S1PR2,0.18534735
CAVIN1,0.18533707
INHBB,0.18531698
NME1,0.18527274
DNAJC1,0.18522629
FOXI2,0.18516542
ASL,0.18513916
TNFRSF9,0.185039
ACADM,0.18501171
KCTD7,0.18499629
DMRT2,0.1849625
TRIM3,0.18490905
KIN,0.18484984
TMPRSS3,0.18478805
ITFG1,0.18476133
IARS2,0.18470366
SLC39A5,0.18468578
MYPOP,0.18463899
VEZF1,0.18462105
FUT11,0.18459292
HVCN1,0.18459128
CDHR1,0.1845618
POLR2E,0.1845229
LAPTM4B,0.1844845
RCBTB1,0.18443853
SCAPER,0.1844269
GTF2E1,0.18441847
TIA1,0.18433516
PAPSS2,0.18427542
B3GALT2,0.18426438
ZNF253,0.18421768
KCNA3,0.1842062
SLC38A10,0.1841257
GSKIP,0.18389851
CNOT4,0.18384048
TMCO1,0.18382606
GNAQ,0.18375431
CA1,0.18370779
ZRANB1,0.18369523
PEX12,0.18368764
SCAMP3,0.18339142
ALOX15B,0.18338951
SHISA4,0.18331052
FADS3,0.1832838
SF3A2,0.1832676
MMP25,0.18326114
EIF1AX,0.1832315
SLC52A1,0.18318275
SAA4,0.18316112
KRT27,0.18311313
KCTD16,0.18309958
PANK2,0.1830987
CENPT,0.1830128
THOC7,0.18300122
ZNF620,0.18299325
ZMYND19,0.18293028
ARPC4,0.18279733
GORASP1,0.18268731
CIAPIN1,0.18263474
GTF2F1,0.18261394
NFIL3,0.18258275
TBC1D15,0.18251015
SLCO4C1,0.18250957
PDRG1,0.18245582
MYL4,0.18240799
SGCZ,0.18235861
GLYR1,0.1822767
GLI4,0.1821889
UBAP1,0.18213005
JAZF1,0.18212098
MYOG,0.18203928
RFXANK,0.18200746
CC2D2A,0.18196274
VAX1,0.1818701
SMTN,0.18186682
KCNJ11,0.18186538
CLIC4,0.18173449
GAS2,0.18172587
RPL41,0.18172424
FLRT1,0.1817136
PDPR,0.1817015
HP,0.18163739
CSDC2,0.18155156
EVI2B,0.18148613
FPGT,0.18148538
CDC42EP2,0.18138117
BCL6B,0.18133949
ATAD3A,0.18132499
RPS12,0.18130276
SERINC1,0.18128628
GUSB,0.18119101
CAMK2N2,0.1811392
ZNF703,0.18111497
CA8,0.18110867
SLC25A11,0.18109813
CTSF,0.18100858
GPR55,0.18084641
KIR2DL4,0.18083747
KMT5B,0.18082638
RPN2,0.1806966
POMGNT2,0.18064709
ADGRL1,0.1806441
PDPN,0.18051824
CFL2,0.18047631
DNAJC5,0.18045388
SYF2,0.18043612
IFNLR1,0.18038602
PTP4A1,0.18038525
HTR5A,0.18038389
CXCR1,0.1803547
SPNS1,0.18027481
KIFC3,0.18026984
FSTL1,0.18023588
ATG13,0.1802126
NCOA5,0.18012099
SLC20A2,0.18011232
ADCY3,0.1800843
ABTB1,0.180026
SETDB2,0.18001316
NEK7,0.17999402
P2RY8,0.1799906
SMN2,0.17994961
RBM28,0.17992347
CCR8,0.17984875
UNC5C,0.17979777
MPHOSPH6,0.17978586
MYLIP,0.17978571
ANO6,0.17963062
CENPP,0.17959723
REEP3,0.17951186
JKAMP,0.17942286
MXI1,0.17939484
FBXO40,0.17936294
SAFB,0.1793504
S100A7,0.17928293
RAB6B,0.17913978
FTCD,0.17887333
PMCH,0.17884797
TNNI1,0.17883894
CLNS1A,0.17883682
RSAD2,0.17875214
NODAL,0.17873143
FXYD2,0.17872702
GJD3,0.17869733
ULBP1,0.17868544
PARP12,0.17866315
BBS5,0.17864789
LEMD3,0.17836297
CCNB1IP1,0.17836206
PGK2,0.17831214
ANO10,0.17830385
POU6F1,0.17828903
TNNI2,0.17827013
GAS1,0.17813498
P2RY4,0.17807856
TTF1,0.17805673
NANS,0.17799142
UBE2Z,0.17798884
SUV39H2,0.1779637
TIMP3,0.17795101
ACD,0.17793353
ZBTB46,0.17792325
BTG3,0.17784302
ZBTB11,0.17776565
GZF1,0.17776324
USP47,0.17754373
IL1F10,0.17748588
CA11,0.17740701
SSTR2,0.17738152
HBD,0.17729178
PTGDR,0.17728695
TMTC4,0.17720295
ACER3,0.17718641
ZDHHC5,0.17704815
PES1,0.17702314
SFXN5,0.17697589
SAR1B,0.1769721
MGLL,0.17692702
FHIT,0.17691876
DRD5,0.176893
PDP1,0.17685881
SMN1,0.176825
PTGER2,0.17680453
SIX6,0.17680241
ARHGAP30,0.17677356
SPN,0.1767426
OPN1LW,0.17669469
BEST1,0.17669125
TRPV1,0.17665547
OS9,0.1765799
DDX51,0.17653695
MTREX,0.17644371
ZNF138,0.17643592
TFEC,0.17640918
STXBP4,0.17639187
INSC,0.1763297
POLR3GL,0.176161
GIP,0.17610615
SULT4A1,0.17601907
PITX3,0.17597245
SMS,0.17579034
GCNT1,0.17556791
RAB24,0.1755348
SHTN1,0.17552505
CHRNB4,0.17551987
TCP10L,0.17550418
RELT,0.17544152
POU3F4,0.17541674
BCKDHB,0.17541535
KCNK1,0.17539035
UBAC1,0.1753449
MASP2,0.1752187
MAMSTR,0.17504159
GPC1,0.17502744
SLC25A1,0.17495076
POLR2L,0.17493077
RGS7BP,0.17484319
KPTN,0.17480417
DAGLB,0.17478056
HHEX,0.17477074
HS3ST3A1,0.17475516
WTAP,0.17474137
OASL,0.17467152
POLR2C,0.17464146
TRPM4,0.17463765
SMU1,0.17463294
PXMP2,0.17462549
POLDIP3,0.17453729
INTS4,0.17449997
AQP4,0.17441744
NDUFAF4,0.17436878
LGALS7,0.17433567
FKBP10,0.17432128
AQP10,0.17429012
RASA3,0.1742805
PKIG,0.17421357
PSMB2,0.17414962
LMAN2L,0.17414555
PNPLA6,0.17409846
IGHMBP2,0.17402303
GLUD2,0.17399068
TRAPPC11,0.17394194
FRMD3,0.17388394
TSPYL5,0.17383689
EEFSEC,0.17377946
SPRR2A,0.1736554
EXTL1,0.17357993
PRKCSH,0.17353453
SNX4,0.17348796
FBXO9,0.17339498
SYNDIG1,0.1733514
GNL2,0.17313622
PCDHA2,0.17307013
RNFT1,0.17306513
RNF24,0.17305942
SLC25A20,0.17293571
MYBBP1A,0.17281419
MAT1A,0.17274901
RGN,0.17274202
PRG2,0.17264985
TMEM216,0.17262572
SIGIRR,0.17261487
LHFPL1,0.1724769
TAF11,0.1724681
INTS12,0.17221045
KCTD9,0.17219624
SGMS1,0.17217194
KCNG4,0.17213675
DPP3,0.17209539
PISD,0.17205468
ITGAD,0.17203853
HNF4G,0.17201188
EIF4G2,0.17200689
FOXC2,0.17196287
GNGT1,0.1719403
GCLC,0.17190413
TBCE,0.17170456
RETSAT,0.17146555
ATG9A,0.17145729
KLK1,0.17144313
SHH,0.17144024
IPO7,0.17141768
FUT4,0.17129354
CD5L,0.17115293
CCL28,0.17114106
EXOSC5,0.1710855
RPE,0.17108288
NOXO1,0.17099229
TMEM8B,0.17098117
ZNF200,0.1709132
CH25H,0.17087328
ARHGEF17,0.17086142
SLC25A2,0.17070962
MMP10,0.1707032
NAE1,0.17068903
LMCD1,0.17060457
CPD,0.17060046
HBG2,0.17047179
NSRP1,0.17045036
PPTC7,0.17041391
PINX1,0.17025211
RNASEH2B,0.17019372
TUFM,0.17013943
ALKBH5,0.17007738
CXCL9,0.17006867
UBXN11,0.17002395
GAA,0.16999966
AGMAT,0.169959
CELA1,0.16993648
PMF1,0.16977754
RPL7A,0.16947323
FBXW4,0.16943169
RPL23A,0.1693058
POLR2G,0.1692729
NNT,0.16914345
EDNRA,0.16909604
MPP6,0.1690539
REEP2,0.16904068
HOXD3,0.1689775
C4BPB,0.16896634
TPST1,0.16895884
FNIP1,0.16893806
INTS1,0.1689172
GPR101,0.16887687
TPCN2,0.16886528
MED19,0.16885778
RRP1B,0.16885653
ANKH,0.16884372
MIEN1,0.16880874
TFPI,0.16879064
CETN3,0.16877657
ADPGK,0.1687078
APOBEC3G,0.16862945
MCU,0.16859363
RBP1,0.16855542
IQSEC1,0.16851987
TXNL4B,0.1685175
TRIL,0.16851364
COQ5,0.1684971
CDH4,0.16845955
AKR1D1,0.16844375
SLC5A3,0.16839193
AMT,0.16822213
SMR3B,0.1681588
CMBL,0.16812116
MPPE1,0.1680695
GSTM2,0.16785751
PIGA,0.16784988
NFRKB,0.16782732
TWISTNB,0.16778615
HYAL1,0.16770262
IER3,0.16765574
KCNK5,0.16763835
SPP2,0.16763154
LRRC8B,0.16750887
HOXA9,0.167468
VDAC1,0.16745412
ARL1,0.16740115
THAP11,0.16736835
EDA,0.16735992
TIMM8B,0.16728128
LRP3,0.16727528
CRYZ,0.16708489
MYLPF,0.16704431
MRPL35,0.16692637
FBXL4,0.16686271
UCHL3,0.16685317
MICU2,0.16683123
RPL39,0.1667318
COL8A2,0.16662294
GLP1R,0.16659448
ROBO3,0.16655949
ZNF25,0.1664779
GINS4,0.16643627
GOSR1,0.1664186
IFT74,0.16606854
FOXI1,0.1660605
XK,0.166049
GOLIM4,0.1660008
CERS5,0.1658932
AVPR1B,0.16584465
SLIT1,0.16581754
CRLF2,0.16574778
LRRC8D,0.16573766
PAXBP1,0.16573356
H1FX,0.16565126
CD38,0.16555016
CHMP5,0.16543992
MMP26,0.16534294
CLYBL,0.16533343
PLEKHO1,0.16529714
FLVCR1,0.16525015
PTTG1IP,0.1652436
DPPA3,0.16523315
PCDHAC1,0.16519967
GEMIN7,0.16518907
ELOC,0.16517937
DENND1C,0.1651776
GLA,0.165152
WDR34,0.1651459
SARNP,0.16512911
TFAP2D,0.16511765
VPREB1,0.16511327
MT3,0.16507989
CCDC91,0.16502018
CRYGC,0.16492768
POLR3C,0.16491546
CYP1A2,0.16490923
EN1,0.16485235
STON1,0.16483314
RPS16,0.16483071
AGXT,0.16477275
MGAT4A,0.16468196
C1QA,0.16462807
ZNF12,0.16453712
AK3,0.16453466
NAP1L3,0.16451707
ARHGAP8,0.16446313
HSF2,0.16439149
EXOC3L1,0.16438279
HOMER3,0.16434371
PMPCB,0.16413963
AEBP1,0.16404589
MAN2B1,0.16404095
IL12RB2,0.16404063
DHPS,0.16401127
WFIKKN1,0.16396224
LYPD3,0.16393647
UGT3A2,0.163871
RTN4IP1,0.16364758
KRT39,0.16359432
ANXA9,0.16359316
ACOT1,0.16356449
PARN,0.1635434
GEM,0.16354197
EIF5A2,0.16353776
POU3F3,0.1635148
GCA,0.16349462
RPS10,0.16347954
DAP3,0.16339795
MCCD1,0.16325673
SLC52A2,0.16323312
SPANXA2,0.16317971
SPANXA1,0.16317971
CRYM,0.1631408
WDR12,0.16311114
SYTL2,0.16307807
BSCL2,0.16307689
RHO,0.16301633
MPZL1,0.1628282
PAFAH1B2,0.16280262
ADARB2,0.16278155
ARL6IP5,0.16276826
DECR2,0.16271882
GPR45,0.16270846
LCN1,0.16270475
NAP1L5,0.162616
SLC27A4,0.16253763
FAIM,0.16251932
PRDX6,0.16248052
ATP6AP2,0.16241243
SLC38A5,0.16240007
PRDX4,0.16238062
SRSF6,0.16233146
KLRF1,0.16232558
ANXA4,0.16232295
PSAP,0.1623163
GGN,0.1622948
HOXB1,0.16227709
DSTN,0.16227491
LRRTM4,0.16226989
ODF1,0.1622542
ELOVL5,0.16221853
KCNJ16,0.16195641
OLFM2,0.16182503
PAIP1,0.16177423
SNRPC,0.16176942
GDI2,0.16163011
SLC22A12,0.16162975
ARFGAP1,0.16161965
HOXB6,0.16161339
IMPDH1,0.16142346
KRT85,0.16139846
SPINK4,0.161353
CCNT2,0.16132548
IMMT,0.16124164
CHST15,0.16122876
TSEN2,0.16117592
CTSE,0.16105232
SLC1A4,0.16102527
EMX1,0.1610215
ARFIP2,0.16098684
CNTN5,0.16092658
DHX33,0.16088355
RAB2B,0.16064836
SNAP23,0.16063347
ERVFRD-1,0.16052826
TAF9B,0.16031937
UBIAD1,0.16026479
KCNK3,0.16023476
PAICS,0.16020887
IRGM,0.16015033
SLC22A9,0.16011569
GTF2H4,0.160074
KLHL24,0.15997338
SPINT2,0.15981494
PAFAH1B3,0.15980464
RBMS3,0.15970142
GTF3A,0.15967886
BLMH,0.15965837
TFPT,0.15965395
DERL1,0.15964161
IGDCC4,0.15963489
HOXC5,0.15957032
HOGA1,0.15955491
FPR1,0.15948
CD8A,0.15933229
PGM1,0.15931018
SCP2,0.15930875
CD274,0.15926768
ZNRF1,0.15920392
HAO2,0.15908735
CLMP,0.15904228
MS4A4A,0.15899377
MRFAP1,0.15898947
CSRP2,0.15895674
TMEM87B,0.15885976
PEX19,0.15881804
RHPN2,0.15871094
GNL3,0.15868491
NEU4,0.15865245
SIGMAR1,0.15863635
SHOX2,0.15861972
NHLH2,0.15861773
ZNF2,0.15859605
SRP54,0.15849654
RBMS2,0.15847455
VBP1,0.15847164
PPFIA4,0.15844119
PRKAB2,0.1584381
CD27,0.15835775
MCTS1,0.15820694
ALDH1L1,0.15818362
PTGER4,0.15817724
METAP1,0.15816757
IFT122,0.15812525
CYP1B1,0.15801445
IL18,0.1578782
NEURL1,0.15775052
LBP,0.15768673
DTNB,0.15760635
CD9,0.15752271
GOT2,0.15751444
HOXC9,0.15751176
ADGRE2,0.15743002
ZNF44,0.15738416
IL9R,0.15736032
TULP1,0.1572887
HAUS1,0.15711781
RHOH,0.15711288
TNFSF4,0.1571018
RPL18A,0.15709299
TRA2A,0.15704603
REXO2,0.15701708
AKAP10,0.15699042
NHLRC1,0.15682895
PTGDR2,0.15678221
AMH,0.15672591
CREB3L2,0.15660614
PGC,0.1566047
DZIP1,0.15658337
PGD,0.15642612
IRX3,0.15638755
B4GAT1,0.15638658
ATP1B2,0.15629855
NXT1,0.15629517
ZP3,0.15615657
ERH,0.15611751
CMTM5,0.15608662
NAGLU,0.15608265
PDSS2,0.15605986
EBPL,0.1560598
BTN2A1,0.15602964
GFRA1,0.15602316
STMN3,0.15599437
STMN2,0.15569757
EID3,0.15567927
TAX1BP3,0.15565552
LYPLA2,0.15562259
PIP5KL1,0.15562156
CA3,0.1555635
PSPC1,0.155559
TNFSF8,0.15549266
THAP5,0.15543294
PSD,0.1553978
ALDH2,0.15538663
DAOA,0.15538584
KIAA0513,0.15536013
CELF5,0.1553325
ERLIN1,0.15520719
SERTAD3,0.15515947
APOOL,0.15512021
SAE1,0.15494846
KRT33B,0.1548709
PENK,0.15480462
ZFX,0.15476407
NPSR1,0.15473127
TTLL9,0.15466462
HPGDS,0.15460898
FGD2,0.15459922
CAB39,0.15459637
PMFBP1,0.15454032
ZNF16,0.15452911
PCDHA7,0.15447882
GTPBP3,0.15442896
CYP26A1,0.15419039
AQP3,0.15404056
DEFA6,0.15382214
STX6,0.15381145
BET1L,0.15375395
CNNM3,0.15373619
DRG1,0.15372434
DYRK4,0.15369652
BHLHB9,0.15353091
HLA-DOB,0.1535067
SLC30A1,0.15343219
C1D,0.15336578
RBM8A,0.15335819
MDGA1,0.1533536
RPS17,0.15330274
SSPN,0.1533011
GHRH,0.15326189
ALDH1A1,0.15324374
EIF3D,0.15323061
GPHA2,0.15309997
SNX12,0.15303957
KCNAB2,0.15297823
B9D2,0.1529259
ZIC5,0.15286556
SSBP2,0.15279378
CD160,0.15274765
CCL27,0.15271501
RPL14,0.1527127
CLEC1A,0.1526947
FUT9,0.15266024
C1orf43,0.15265292
ZNF76,0.15259248
TBC1D9B,0.15258978
LYZL2,0.15256181
SLC25A22,0.15252809
PSPH,0.152516
ASS1,0.1524691
SERINC3,0.15243588
SRD5A2,0.15243118
MAGEA1,0.15233672
DAPP1,0.15228987
STRN4,0.1522836
INHBE,0.15227439
MED20,0.15223055
RPSA,0.15198223
SLC7A2,0.15195084
HPR,0.15194923
RANBP10,0.15177038
ICA1,0.15172143
PRPF4,0.1516288
TRIM56,0.15159695
TREX1,0.15154418
PIN4,0.15152825
ART3,0.15148798
BTD,0.15146583
RBMS1,0.15139861
CLDN2,0.15131259
IDH3G,0.15128133
CD72,0.1510989
PRPSAP1,0.15107661
FCN3,0.15107638
ACOT9,0.15106787
SQLE,0.15103884
YPEL3,0.150917
USP22,0.15085416
IFNA21,0.15079135
RPS7,0.15075292
HOXD4,0.15074052
SPATA18,0.15072331
PPIH,0.15071228
COMMD1,0.15065618
NUP58,0.15063685
NDUFAF1,0.1506235
BATF2,0.15061845
C8A,0.15049846
PILRB,0.15043716
RBM22,0.15041505
SLC25A14,0.15036856
SLC22A5,0.15035158
ZNF396,0.15029153
RPL37A,0.15018058
KRT13,0.15012431
NEK4,0.15007381
TIMP2,0.15005141
RPL27A,0.14997065
KIR2DL3,0.14990619
MBOAT1,0.14990437
NUDT16,0.14985952
CCL11,0.14985512
ABCB9,0.14984147
FBL,0.14984068
SLC12A9,0.1498387
RXFP4,0.14978984
FBXW5,0.14977083
HSBP1,0.14976706
SOAT1,0.14967138
ZBTB42,0.14962657
GINS1,0.1495107
CCNL1,0.14950782
GGH,0.14950259
ABCB10,0.14934434
MMP17,0.14933652
FAF2,0.1493257
RNASEH2C,0.14926168
ATP4B,0.14912555
YPEL1,0.14912066
ABCG2,0.14909664
PDCD2,0.14903894
WDR19,0.14887619
2-Sep,0.14886947
PRKAG1,0.14884342
CXCL5,0.14880416
IGHM,0.14872946
MS4A2,0.1484973
PHOX2A,0.14846048
FBXO17,0.14837171
KIF6,0.1482732
CENPL,0.14824653
LURAP1,0.14822309
ESS2,0.14821085
IGSF6,0.14819635
GUCY2D,0.1481842
RRM1,0.14808315
MAN1A2,0.14795934
PLRG1,0.14795843
SLC39A8,0.1479564
CLDN6,0.14795138
PLN,0.14771673
TRMT10C,0.14766815
TMX4,0.14764416
DIRAS1,0.14762023
KCNC3,0.14760058
CST3,0.14758661
GMIP,0.14758655
NOL10,0.14735284
ZNF169,0.14731048
SNX20,0.1472634
MRPS36,0.14718062
PI4K2A,0.14714937
SERPINB13,0.146979
SLC17A5,0.14695959
EPRS,0.1468981
RAB33A,0.1468894
ABCC3,0.14676632
UPK2,0.14675766
TOB2,0.14665927
CYP3A5,0.14657067
NICN1,0.14654765
PCDH20,0.14652433
GCSH,0.14648694
LXN,0.14645717
SERINC5,0.14644986
SPINK2,0.14644045
EML2,0.14643249
SLC25A34,0.14621097
HSD3B2,0.14620766
ZFAND2A,0.14619902
OAZ3,0.1461738
TAS2R5,0.1461681
ETF1,0.14616756
PIGN,0.14615312
ADAM22,0.14613132
GOLPH3,0.1460642
DHRS3,0.146039
IFNGR1,0.14596264
IFT57,0.1458674
UBLCP1,0.1458518
RDH11,0.14584406
RHAG,0.14582542
HOXD8,0.14577617
ESM1,0.14574014
RC3H2,0.1457309
SCAF8,0.14556926
RPL9,0.1455602
HTRA3,0.14555733
IL12B,0.14547692
ITLN2,0.14546525
NPHP3,0.14545013
RHBDF2,0.14540917
SPRED3,0.1452866
AURKAIP1,0.1452588
ZNF300,0.14520998
HLA-C,0.14519803
FAM210A,0.14511909
BCAS2,0.14509687
RAX2,0.14509173
IFITM1,0.14508638
MED7,0.14504662
UBE2M,0.14503023
TMEM88,0.14497396
DHX36,0.14492081
CA5A,0.14491734
UBTD2,0.1448418
HCAR1,0.14478074
PRPH,0.14472732
TXNDC15,0.14470285
IL7,0.14468779
RAB1B,0.14466801
WBP4,0.14458865
ARHGAP19,0.14458163
SPDYA,0.14457358
TUBG2,0.14454062
ARF3,0.14453663
CHTOP,0.14453451
ZNF33A,0.14443247
CYP2E1,0.1444191
ENPP4,0.14441006
PSMA7,0.1443847
SLC39A1,0.14438437
TNFSF13B,0.14425199
PON1,0.14424697
UPK3A,0.14421286
TOMM34,0.1441886
AGPS,0.14411817
B4GALT1,0.14408436
SIRT4,0.14403528
PREB,0.1439541
SERAC1,0.14394893
MMP8,0.1439385
CHRNB3,0.14392574
NET1,0.1437473
TBX19,0.14373301
PFAS,0.14372191
NADSYN1,0.14357185
RAB14,0.14357051
RPL37,0.14352067
PURG,0.14349522
SLC13A5,0.14342307
MRPS21,0.14332363
ACADVL,0.14326286
THY1,0.14325465
KCTD15,0.14318825
URB2,0.14312212
SLC25A26,0.14308111
SPAG6,0.14301069
CHODL,0.14298208
PGAM1,0.1427846
CD164,0.142745
ASB8,0.14263684
GYG1,0.14254056
LMO1,0.14248905
POU3F2,0.14247417
RPL19,0.14235699
GPR52,0.14235333
NUDT2,0.14234446
DARS,0.14229393
RPL29,0.14227337
AMFR,0.14219497
TSPAN4,0.14217925
TUBGCP4,0.14209066
FBXO8,0.14206441
TCEAL7,0.14205728
ZG16,0.1420224
NAB2,0.1419805
NXF2,0.14198045
POMC,0.14192888
NT5C3A,0.14189312
CADM4,0.14184277
SLC10A6,0.14182486
POU2F3,0.1417696
TMPRSS6,0.14176308
POP1,0.14176257
PCBD1,0.14169176
DUSP21,0.1416165
KCNJ2,0.14147928
VAMP8,0.14143488
NRBP2,0.14143015
ARL8A,0.14141154
COA6,0.14135987
DDX18,0.14130479
ZMAT1,0.14130308
AP3D1,0.14128202
VSTM1,0.14126736
TSTA3,0.14107904
BBS7,0.14105208
CRHR2,0.14102678
ZNF19,0.14097571
AKR1C4,0.14094804
FUT3,0.14090459
CENPO,0.14090134
BIN2,0.14089264
ICOSLG,0.14085335
HOXB5,0.14084564
MIF,0.1408419
TRIM14,0.14080605
UBXN2B,0.140726
RPL22,0.14071283
CINP,0.14063165
OXT,0.14062794
ECD,0.14045775
SCARA3,0.14043684
SQOR,0.14039883
IRF2BPL,0.14031719
ZNF331,0.14016071
TXNDC17,0.14015241
PFKL,0.14011201
TRPM2,0.14008877
DPPA2,0.14003395
S100A11,0.14003119
SDHB,0.1400083
HLA-DMA,0.13997954
HIBADH,0.13997576
ZNRD1,0.13988861
RAB5C,0.1398804
PYHIN1,0.13973945
UMOD,0.13963003
GALNT15,0.13962346
UBE2F,0.13959868
ZNF267,0.13955107
SEC14L2,0.13954206
ADARB1,0.13945279
CDCA7L,0.13940258
DLX2,0.13930532
PPM1M,0.13928413
LHX3,0.1392658
PMM1,0.13926043
CHMP4A,0.1392555
TGM3,0.1392489
SSX2,0.13921826
FKBP2,0.13919733
CKM,0.13918032
4-Sep,0.13913049
LHFPL2,0.13906015
SLC11A2,0.13905856
SSBP4,0.13904995
HLA-A,0.13903435
CHGA,0.13902989
CHRNA10,0.1390139
IL23A,0.13896696
POLR1B,0.13889773
SCNN1D,0.13888751
FAM162A,0.1387955
WASHC1,0.1387456
GJA4,0.13864398
TFEB,0.1386418
NPDC1,0.13864146
RAB23,0.13863915
NIF3L1,0.13860534
SLC23A2,0.13852616
KRT75,0.13846266
KCNA10,0.13843513
ARG2,0.13826819
THOC3,0.13824864
H2AFV,0.13822591
CEACAM6,0.13815013
POLRMT,0.1381446
ZNF408,0.13808855
MLYCD,0.13807213
MCFD2,0.13792096
RAB34,0.1378826
MMD2,0.13787386
SLC25A27,0.13786341
BBS1,0.13785
PSMF1,0.13779733
GABRA4,0.13778348
PCSK1N,0.13771568
SH3BGRL3,0.13767575
DCUN1D3,0.13763027
UAP1,0.13755637
IL12A,0.1375543
CD47,0.1374826
SIGLEC1,0.13740347
TSEN54,0.13740298
ADA,0.13737553
LIPG,0.1373351
GML,0.13724265
IMPA2,0.13722838
COX4I2,0.13716976
GJC1,0.13715735
PLA2G7,0.13713789
JAM2,0.1371167
PDYN,0.13709794
CLEC7A,0.13707206
CHSY1,0.13698839
NOL3,0.13698563
ST6GALNAC5,0.13695604
PTGR1,0.13689652
GNS,0.1367966
IL11,0.13675398
RAB32,0.13673647
HAMP,0.13658495
SLC7A7,0.13651396
ACKR3,0.1364799
SYT13,0.136463
ARFGAP3,0.1364628
BHMT,0.13633521
PRH2,0.13630897
UQCRH,0.13628547
ZNF77,0.13623576
PEX11A,0.1361316
MND1,0.13611802
RHD,0.13609207
CDR2,0.13598296
LHB,0.13595435
EIF3C,0.13590503
ACER2,0.13587517
PPP4R3B,0.13584284
DOK7,0.13582051
FFAR1,0.13570823
SLC30A4,0.13560785
POLR2K,0.13556115
RASSF3,0.13538343
ASNS,0.13537404
BMP7,0.13536884
STRA6,0.13535719
MATN3,0.13533436
IMP4,0.1353206
SYVN1,0.13531987
TYMP,0.13529773
NEU3,0.13522668
ZNF45,0.13520923
MUC5AC,0.13520266
TIMM8A,0.13520259
EAF2,0.13519932
EIF1AY,0.13513832
DLX3,0.13513285
ZNF263,0.13511136
PCDHGA3,0.13509144
SDHAF2,0.1350641
CORO7,0.13506246
ADSL,0.13504364
LY86,0.1349473
SEPSECS,0.13482617
ST7L,0.13480386
KLRG1,0.13474742
AKR7A2,0.13471557
PDCD10,0.13470499
PSG11,0.13461691
PRM2,0.13460557
H2AFY2,0.1345476
CTF1,0.13452414
AP1S2,0.13446559
SERPINI1,0.13446334
GCLM,0.13445388
MED27,0.13444392
ATP6V0D2,0.13441135
TYSND1,0.1343867
ACBD3,0.13437411
PNMA3,0.13434991
TMEM43,0.13428581
REEP1,0.13423276
NANOS3,0.13423002
SUCLG1,0.13421465
ADIPOR2,0.13420603
CILP,0.13415022
CUTA,0.13414343
SLC16A4,0.13406916
SYT6,0.13405485
PLEKHM2,0.13394427
COMMD6,0.1339281
ADORA3,0.13373353
KBTBD13,0.13365927
NDUFAB1,0.13361742
MDH1,0.13361101
MPZ,0.13357396
RNF152,0.13352656
WASHC4,0.13349862
PTDSS1,0.13336127
ZNF382,0.13332115
PPIB,0.1333128
IHH,0.13328978
ALG5,0.13321368
PLA2G3,0.13317229
GPCPD1,0.13316736
MS4A7,0.133158
PCDHGB5,0.13314016
MEIG1,0.13312562
EGFL6,0.13308743
RORB,0.13305289
ACOT2,0.13299175
OXCT2,0.13297428
DDX46,0.13286139
GJC2,0.13266242
SOX18,0.13265647
TSN,0.13259242
RAB6A,0.13258566
LONP2,0.13257612
TEF,0.13246615
CST4,0.13238806
RPL3L,0.13234825
AFG3L2,0.13232456
SYCE3,0.13231602
PPT2,0.13218662
RFX7,0.13202934
MED8,0.13200822
TRIM7,0.13198453
TNNC1,0.13192005
GTF2H5,0.13188416
TAGLN2,0.13184819
DGKQ,0.1317917
PEX11G,0.13178536
WDR1,0.13171795
SPESP1,0.13169147
ST7,0.1316612
TMEM256,0.13164866
HSD17B11,0.1316447
SPTLC1,0.13159338
PRND,0.13143004
AP1S1,0.13140556
MRPL20,0.13139988
CAMK1D,0.13139963
SUPV3L1,0.13139337
JPH1,0.13128254
PAQR8,0.13126746
OPLAH,0.13117214
ZNF74,0.13116238
LHX6,0.13113137
C1QBP,0.1310538
QPRT,0.13100216
PVRIG,0.13096
LIF,0.1309486
ZNF146,0.13088053
PHF11,0.13084908
PGAP3,0.13078536
EEF1E1,0.13074447
SLCO1B1,0.13068691
NARS,0.13061957
ZSCAN12,0.13058619
EMG1,0.13058291
GKAP1,0.13056344
CYP4V2,0.13055137
TCIRG1,0.130521
WBP2NL,0.130443
IFIT1,0.13042726
KIAA0319,0.13041994
C1QB,0.13041966
CATSPER4,0.13038822
LUC7L,0.13036348
NYX,0.13030925
PCSK9,0.13030246
IDH2,0.13027701
IK,0.13022265
APOC2,0.13022174
CDX4,0.13021661
TIMM13,0.13021316
FUCA1,0.13018304
GPR183,0.13014804
LAT,0.13000476
RDH10,0.1299978
MINDY3,0.12998316
NDUFS3,0.12985158
CARMIL1,0.12969705
CRH,0.12965922
PRPH2,0.12960108
TOP1MT,0.12941106
SRM,0.1293489
ATP6AP1,0.12931602
PSMB8,0.1292613
ABCB8,0.12924357
ATP13A2,0.1291472
ELOVL7,0.12912573
INTS5,0.12910138
DRG2,0.12905976
ZBP1,0.12905596
RNF139,0.12902592
SLC25A19,0.12899004
RPL38,0.1288902
COMMD5,0.1286817
ALDH6A1,0.12865561
DHRS13,0.12864408
NECTIN2,0.12861814
CLEC4C,0.12861224
APCS,0.12854648
PAX4,0.12853599
LY6G6C,0.12849532
RAB8A,0.12849486
THAP12,0.12848437
LILRB3,0.12847771
VAMP2,0.12846614
DCAF13,0.1284518
ZNRF2,0.12838936
NOG,0.12836857
ASB6,0.1282343
ALG12,0.12822367
GSR,0.12820561
SHISA3,0.1281201
NGB,0.1280347
GXYLT1,0.12794353
IL10RA,0.12788416
POLR3F,0.1278536
TLX3,0.12783453
QKI,0.1278253
THOP1,0.12780178
ATP6V0D1,0.12777752
ERGIC1,0.12776904
CALY,0.12773062
ZNF92,0.12766778
GTF2F2,0.12763211
SMPD2,0.1275488
FOXF2,0.12748858
CD48,0.12746017
DNAJB2,0.12744454
RBP5,0.1274038
RPL7,0.12733065
PRIMA1,0.12720414
EPM2A,0.12720232
METTL1,0.12719569
VGLL2,0.12713854
LILRB2,0.12710811
DAD1,0.1270757
CRIP1,0.12707536
SIPA1L3,0.12701532
SLC45A2,0.12677015
PTGIR,0.12675275
ZNF155,0.12659614
KCNG3,0.1265234
FOXD4L3,0.1265225
ACSM1,0.12651448
GZMM,0.12651043
ALAD,0.12650773
U2AF1,0.12641998
CHST10,0.12641658
SLC38A7,0.12634808
HOXA13,0.12630391
PRDX5,0.1262819
GALNT18,0.12624569
C1QL4,0.12614262
NIPSNAP1,0.12608947
OPRL1,0.12605643
CD33,0.12597086
SIGLEC7,0.12594312
CS,0.12579563
SNRPD1,0.12573966
RUSC2,0.12573612
ZNF232,0.12570381
MRPL9,0.12565054
SPATA19,0.12561354
CTSA,0.12551226
CEACAM1,0.12540406
VAT1,0.12525629
TNFSF14,0.12522738
ZNF641,0.1252184
RAB4A,0.12521622
PEF1,0.12520006
WFDC2,0.12516683
UPP2,0.12515728
LMF1,0.12514363
SLC16A11,0.12513708
LRRC32,0.12504822
CRADD,0.12495592
CNIH4,0.12491521
TAGAP,0.12487409
KRTAP1-1,0.124860205
SYNJ2BP,0.124823466
1-Mar,0.12481984
AMN,0.12481516
NDUFV3,0.12476482
RLBP1,0.12471762
MMP14,0.12470289
CPLX2,0.124698475
SLC6A4,0.12469388
SLC23A1,0.1246265
FAH,0.12454045
GJA5,0.12450191
DNAJB11,0.12444603
SFR1,0.12437019
RIC8B,0.12434326
SLC2A2,0.124331474
PSMD9,0.12431516
SLURP1,0.124266796
CENPV,0.12425632
HOXA1,0.12424893
METTL17,0.124224
SPATS2,0.124221
RPL11,0.12419981
STX16,0.12415352
LY96,0.124090716
XXYLT1,0.12403479
RMND1,0.123949036
ZNF569,0.123938225
WHAMM,0.12392162
CAB39L,0.12388999
SHISA2,0.12382063
MEMO1,0.12372555
KISS1R,0.12370645
PIMREG,0.12368433
RPS26,0.123665474
COX15,0.12363583
MESP2,0.123579614
XCL2,0.1233425
FOXF1,0.12330325
ISLR2,0.12324871
MINPP1,0.12315016
CST7,0.12312268
TESC,0.12305295
UNC13D,0.122951224
MID1IP1,0.12290814
NGLY1,0.122824214
KRT12,0.12280936
TMEM181,0.12280398
SLC5A8,0.12279373
MAB21L2,0.12272806
TMEM98,0.122727744
UTP4,0.12271065
TSPAN31,0.122690566
GATM,0.12264188
MRI1,0.12261517
CDSN,0.122607455
PPM1K,0.12260387
SLC4A2,0.12256231
ACTL7A,0.122548506
C8B,0.12254076
BCAN,0.12253931
BIK,0.12252763
BLOC1S5,0.12251314
DHX38,0.12248785
DYNLRB2,0.122475564
APOC1,0.12240142
DCLK2,0.12237838
PRKRIP1,0.12237805
SLC43A1,0.12230765
M6PR,0.12229752
ZNF165,0.12208933
UROS,0.12207353
ZNF768,0.12203831
GABRA6,0.12199576
ZNF668,0.1219814
HMGCS1,0.121898174
LGALS9,0.1218463
TMEM231,0.12177265
RPN1,0.121709414
HIST1H1T,0.12167885
TRIAP1,0.121640936
MFAP4,0.12159148
DARS2,0.12155492
CIDEB,0.12149906
IL37,0.121464774
FIG4,0.12145681
TXN2,0.12142127
POLR2F,0.12127791
S100A10,0.121274926
ATG4C,0.12124752
KLC3,0.1212022
ITM2B,0.121121086
LSM4,0.12107879
PIF1,0.12096741
HLA-DRB3,0.120877944
COL23A1,0.12078156
TMEM59,0.12075249
ACSL5,0.12073141
ALDH3A2,0.12071635
EBAG9,0.12060232
MSGN1,0.12058347
SLC26A6,0.12050499
ITPA,0.1204653
HMX3,0.12046299
F9,0.120445624
IL26,0.12028314
ZNF23,0.12025568
TENT2,0.12020276
ASZ1,0.120194405
SELPLG,0.12015868
FSTL3,0.1201561
GNA14,0.120133035
CD248,0.12010264
C1RL,0.12007926
CD163,0.12000406
GPR15,0.119957596
KRT35,0.11991506
CD40,0.11981387
POU4F1,0.119810484
SLC29A2,0.11978685
VDAC3,0.1197815
FFAR3,0.11977934
EXOSC2,0.11968002
NOC3L,0.11967584
PSD3,0.11966737
ARF5,0.11966002
HAGH,0.1196393
SKA2,0.11962453
MPP1,0.11962048
PON2,0.1196193
IZUMO1,0.11959479
GALNTL5,0.11958499
PTF1A,0.11957957
PNPT1,0.119489685
ADRA2B,0.119311035
RPL8,0.11929741
KLK9,0.11923637
LRRC4C,0.1190413
RGR,0.119015776
CRYBA1,0.11900255
CCS,0.11885995
ZNF765,0.118855365
GNPDA1,0.11880183
NDP,0.11871012
CHRNA1,0.11869422
DRD4,0.11860198
NEUROD4,0.11855384
ZNF70,0.11853244
GALNT10,0.1185168
RAB3B,0.1185033
NUBP1,0.11847406
PSMB1,0.11846932
STIM1,0.118434
NPM2,0.11842956
RPS28,0.11833091
PRAME,0.11829977
SERGEF,0.11828957
BLOC1S4,0.11819907
PMP2,0.11818731
GPKOW,0.11817561
CRYZL1,0.118087806
SLC22A23,0.11803677
RPS23,0.118013084
TMEM207,0.11800202
PFDN2,0.11786984
HIPK4,0.117762856
EZH1,0.11776161
BRDT,0.11776042
NTAN1,0.11761296
POLR3D,0.11756306
ACHE,0.117539264
SLC44A2,0.11751285
ADCK1,0.11749784
SRP9,0.11749612
TCF23,0.11747248
SCAF1,0.11735144
STT3B,0.117212236
RAB33B,0.11713823
KATNAL1,0.11711421
AQP2,0.11710283
OR10AG1,0.11709407
CALHM3,0.11708726
SYNGR3,0.11700919
P2RX1,0.1169905
B9D1,0.11695679
SLC25A16,0.1169417
VOPP1,0.11680968
TIPIN,0.11673597
SLC22A13,0.116639264
B4GALNT3,0.116584934
RPS27L,0.116582826
BHMT2,0.11655596
ORAI2,0.11653621
POMP,0.11652719
DHX58,0.11652491
KCNJ9,0.116419025
ANAPC13,0.11641567
SLC22A4,0.11640867
MBOAT2,0.11636787
MUC13,0.116263375
POLR1C,0.116238214
WFS1,0.1162116
HTR2C,0.11615523
ARL2BP,0.1160456
RNPEP,0.116027564
SHOX,0.11596675
OTX1,0.11594586
OPN1SW,0.11591068
NUCB1,0.11590754
KIR2DS4,0.11577264
ACSS2,0.11577135
KNSTRN,0.11569526
AQP1,0.11568601
SLC2A9,0.115591265
MEIOB,0.115557775
B3GNT2,0.11548636
LHX8,0.115461126
CD207,0.1154488
CD244,0.11540611
SLC2A5,0.11532739
ERMAP,0.11526656
GALNT16,0.11525804
AMBP,0.11523797
SLC1A5,0.115199395
SNX16,0.115112744
PCDHB3,0.11508909
ETFBKMT,0.11507348
MED9,0.11498409
TMEM220,0.11497622
SIGLEC5,0.11497312
DLX6,0.114953354
TRAPPC1,0.11489716
F7,0.11487232
ZNF674,0.11478649
TPD52L1,0.1147686
ERAL1,0.11469468
IRX4,0.11465241
LMNTD1,0.11464815
PBX4,0.114595614
CRLF1,0.11453398
NECTIN3,0.114530005
SLC25A32,0.1145222
RNH1,0.114314586
MEST,0.11423059
MRPL52,0.114220954
CLDN9,0.11411923
BCAT2,0.11411694
TP53RK,0.11411247
CLDN11,0.11386939
HMOX1,0.11379494
SMAP1,0.11377748
PECR,0.11376357
DPP7,0.11375874
ATOH7,0.11374311
ZFAND2B,0.11372025
EML3,0.11371137
PDHA2,0.11363194
WIPF3,0.11359459
CLCC1,0.1135219
LSS,0.11350244
SF3B5,0.113491625
MMACHC,0.11345063
ACY3,0.11326594
CD3D,0.11325606
SLC24A5,0.11302272
ARAP2,0.11297272
MUC12,0.112924196
RAMP1,0.11289104
EPO,0.11275484
TREX2,0.11270499
PXMP4,0.11262639
TIGIT,0.112545155
SFTPD,0.11247497
CD2BP2,0.112469465
GOLGA5,0.112380184
ST6GALNAC2,0.11214868
LSM1,0.11212006
GRM6,0.11210598
PRODH,0.11205427
DKKL1,0.11196137
OLFM1,0.111953005
PRCP,0.11179766
TRDMT1,0.11177776
ZMPSTE24,0.11171845
GLRX3,0.11167881
ARL2,0.111664444
SLC30A2,0.111663714
DNAAF4,0.11164317
GLRB,0.11155237
VPS37C,0.11149084
PARS2,0.11145057
FABP5,0.111414716
CKMT1B,0.11139956
CHMP7,0.11138238
VPS35,0.11135397
THTPA,0.11134548
RPL12,0.11132623
ZNF770,0.11123247
SLC13A4,0.11121854
PDZD11,0.11106965
PSMA4,0.111068875
KRT33A,0.11106033
SPAG8,0.11101188
INTS7,0.11099474
GLIPR1,0.110992275
KDELR1,0.1109652
POP5,0.11089917
DKC1,0.11085794
GSTZ1,0.11076419
PROCR,0.11076007
MMP12,0.110737205
CXCL11,0.110727206
CHMP1A,0.11070699
SGTA,0.110699244
SGSH,0.11057778
FUT2,0.11057294
ACOX3,0.110564694
ARMCX3,0.11047406
POLR3K,0.11046093
RAB39B,0.11045457
ZNF24,0.11035773
PEX3,0.110346384
RSU1,0.11032546
ANTXR1,0.11031026
CLDN14,0.11028293
TFCP2L1,0.110275656
AP4S1,0.11023948
PLA2G10,0.11022029
VAPA,0.11020292
HK2,0.110196
LRRC4,0.110168606
TALDO1,0.11010614
MRPS27,0.11006142
PBX3,0.11002356
SLC25A4,0.10985756
RAB11FIP3,0.10984442
TMEM187,0.10983497
RIMS3,0.109824084
TMEM30B,0.1097878
HIST1H2BM,0.10978251
CENPN,0.10970778
CHMP2A,0.10965756
GUCA1B,0.10954554
IVL,0.10953988
APOLD1,0.109457806
EIF3G,0.10944342
GPA33,0.10942266
AIMP1,0.109392524
MBL2,0.10933762
ACAT1,0.10925003
LTB4R2,0.10912098
FAM136A,0.10903219
SEC61B,0.10898386
ELP4,0.10892993
GEMIN8,0.10885758
BVES,0.10880145
HINT1,0.1087885
EIF3M,0.10877956
PPIC,0.108749956
BSND,0.108723514
TBRG4,0.10872006
LALBA,0.108625785
AGAP3,0.10857364
FTO,0.10852239
FAR2,0.10848912
SVOP,0.10837151
SFXN2,0.108357154
TCF15,0.10831816
RETN,0.10831423
B4GALT6,0.108307645
ACP2,0.10829688
INTS9,0.108265765
LAMP1,0.108245276
SLC26A5,0.108135365
CFHR2,0.108128175
TRIM16,0.108089164
SLC6A1,0.10807144
ENTPD6,0.10804814
ACP5,0.10803509
GRINA,0.1080045
DUSP13,0.10798731
CCHCR1,0.10795498
BBS12,0.10794673
ORAI1,0.10789925
RPLP2,0.10787251
MSRB3,0.10783549
LTA4H,0.10781592
CPLX1,0.107775405
LILRB4,0.107745215
SELENON,0.10773708
GALNS,0.10773166
PRPF31,0.10763771
MFAP3,0.1076243
SDF2L1,0.10761849
RPS13,0.10756693
SPOCK3,0.107563786
NEIL2,0.10756152
SRPRB,0.10756122
NLRC3,0.107535824
SELENOF,0.10751967
TOMM6,0.10749545
SYNE4,0.10743386
DMBT1,0.10722034
BFSP2,0.10721608
CAPZA3,0.10721054
WDR75,0.107185334
FYTTD1,0.107158914
MVD,0.10709553
FOXN4,0.10707167
SIL1,0.1070374
AEBP2,0.106929466
HYLS1,0.1067988
PAH,0.10679812
DCTN6,0.10673214
GEMIN6,0.10673034
RIPPLY2,0.10672248
SHMT1,0.106719166
GINS3,0.10671549
B3GNT7,0.106633864
SYS1,0.106507875
PATL1,0.106499664
NOX5,0.10649826
AOC2,0.10648766
HGFAC,0.10646369
CLRN1,0.10643933
GPR135,0.10639245
GNAT1,0.10636348
IFI30,0.10631159
GNA15,0.10617538
DNASE1L1,0.106163085
14-Sep,0.106159315
VPS37B,0.10614183
AUP1,0.10603497
TIGD7,0.106015965
BARX1,0.105915144
PHYH,0.10590504
SUOX,0.10590136
SLC39A3,0.105855234
NKX2-2,0.10584357
CXCL12,0.10580366
POP7,0.10578083
ABCB6,0.10577124
ABCD1,0.105746605
USP39,0.10572242
KCNJ3,0.10569201
ABHD5,0.10566188
FNDC4,0.10562194
RAB28,0.10550378
ECHS1,0.10541933
ENO2,0.10541199
SLC1A2,0.10535541
HKDC1,0.10527869
POLR2D,0.105231315
DAZAP1,0.10519657
RAB31,0.10518192
PRPF38A,0.105158985
WDR43,0.1051554
AQP5,0.105141714
COX6A1,0.10510736
BNIP2,0.105052285
DPYSL4,0.105003305
NXPH2,0.10500216
HAS2,0.10499902
SLC25A24,0.104983315
SLC39A11,0.104925804
SLC25A28,0.10480978
HTN1,0.10480744
RPL24,0.10475986
HMOX2,0.10465127
PGM2,0.10461254
CCR9,0.10459009
HOXA7,0.10458328
HOPX,0.10454768
CYTH4,0.10454617
CSTA,0.104512595
MTERF4,0.10449802
AVPR1A,0.1043713
RAMP3,0.10436095
PSMD8,0.10433777
CXCR5,0.104331024
ZNF124,0.10431181
ATP6V1G1,0.10428307
RBM38,0.10425932
NAA30,0.10425413
VIPR2,0.10423056
GSG1L,0.10422944
UPF3A,0.10416699
ADGRG7,0.104144126
BOD1,0.1040474
PRDM5,0.10396946
TREML2,0.103845574
PYCR2,0.103817634
TOMM40,0.10380628
RPL13,0.10379029
NSUN4,0.10374027
CCDC88B,0.1037263
RAB17,0.10370624
DPM3,0.103698246
KRT20,0.10366941
PPT1,0.1036668
TPST2,0.1036631
UCP1,0.10362816
SPAG7,0.1036103
BANF2,0.103551656
C2,0.10352464
CAPNS1,0.10352437
VIPR1,0.10347879
NGRN,0.10337923
GJB1,0.10337774
CCDC40,0.10326286
UBL4B,0.1032563
GGPS1,0.103253625
DCPS,0.10321035
SORD,0.10310714
RGS19,0.10309659
ZNF20,0.102905884
RELL1,0.1028982
FOXD4,0.10276241
LSAMP,0.1027539
LIPC,0.10275238
GALK1,0.10253575
CRYAA,0.10247104
ZBTB24,0.10246423
NDFIP1,0.10241691
OPA3,0.10240076
CUZD1,0.10236893
EIF4H,0.102365114
LMOD1,0.10236237
TCTN2,0.10229887
PNMT,0.102203876
ATP6V0E1,0.1021899
RPS19,0.10214706
GPR42,0.10211911
P2RY14,0.10209197
FECH,0.101996586
HTATIP2,0.10196445
WDR35,0.10196017
KCNG1,0.10193991
CD320,0.10191773
RIOX1,0.10180201
CYP2A7,0.101793215
PLA2G12A,0.1017177
RPS11,0.101678856
ME1,0.10161793
DNAAF1,0.10159125
GPR6,0.101554096
RAB18,0.10151405
ABCG4,0.10150574
ABHD12,0.101498045
NPTN,0.101379454
PEX2,0.101281025
PRDM8,0.10116571
GJA10,0.10113281
APRT,0.1011172
JAM3,0.101083435
IFT52,0.10101042
TEKT1,0.1009472
AGK,0.1008938
MIP,0.10086766
ADAM30,0.10086398
C11orf24,0.100807935
MICB,0.10080618
1-Sep,0.100651555
TM4SF20,0.10062863
PKNOX1,0.10056605
PRSS3,0.1005366
CNBP,0.1004385
PAIP2B,0.10014893
SLC25A15,0.100144826
UNC93B1,0.10014076
BPNT1,0.100051485
RANGRF,0.100033306
BLOC1S2,0.09996129
POFUT2,0.09991476
SSNA1,0.09987008
RGS5,0.09985033
TMEFF1,0.09981982
TBL3,0.09981347
GSTO1,0.099754766
PURB,0.09975453
ZNF93,0.09952667
SLC22A8,0.09951473
AKR7A3,0.09947155
MS4A3,0.09946306
TMEM201,0.0994561
PSCA,0.09939515
BPI,0.099388115
ABAT,0.099350765
MLEC,0.099341504
MTCH1,0.09930894
STX2,0.099289365
RRAGC,0.09928454
MFAP1,0.0992823
PTMS,0.09926502
SSR3,0.099216744
VPS51,0.099133804
ARFRP1,0.099104226
TXNDC5,0.09905932
NMNAT3,0.09905007
ACSS1,0.098874256
PEX5,0.09880156
TMSB4Y,0.09875693
CCL1,0.09875563
MCAT,0.09875327
LRRC1,0.09869048
SMPDL3A,0.09868626
KRT23,0.09867982
CD302,0.09864524
ENTPD3,0.0986336
CAPN7,0.0986254
ADSSL1,0.09859909
SNAPC5,0.09859887
HTR3C,0.09855069
CLEC4E,0.0985283
MFSD12,0.0985023
RFTN2,0.098474994
CXCL1,0.09844651
SLC30A8,0.09841862
CNR2,0.098407194
TRAPPC2,0.0983798
NETO2,0.09835964
MPP4,0.098351024
NAPB,0.0983092
GAPDHS,0.09824285
ATP6V0A1,0.09818062
PGM2L1,0.0981704
QRSL1,0.0981117
PHYKPL,0.09810991
TNFRSF25,0.09810961
TRAPPC4,0.09809544
POLR3E,0.098094165
DNAJB9,0.09806567
ERMN,0.097920604
NPPB,0.09788314
RPL35A,0.097850434
SLC29A1,0.09784408
MRPS11,0.097822405
MTERF3,0.09781012
KRTAP13-3,0.09779142
PAIP2,0.09772889
GNRH1,0.09769726
FSBP,0.097666524
CNGB1,0.097664244
COX6A2,0.09760512
ARMC10,0.09758727
LIPT1,0.09755918
PRTN3,0.09755494
STRIP2,0.09754551
URM1,0.09751461
SLC10A1,0.097483344
STXBP5L,0.09747223
TPRKB,0.09745538
PIGS,0.09738792
PIGK,0.097350374
UBD,0.09732421
PLEKHA8,0.09721956
KCNRG,0.09718263
CETP,0.09711101
RGL4,0.097060405
KCNJ15,0.09702448
RNF125,0.09696498
LPAR1,0.09696218
PSMD14,0.09695481
RPS15A,0.09694448
TBC1D20,0.096935004
KLRB1,0.096905746
GNAO1,0.096869886
PSMD6,0.09686277
ADRA2C,0.09678805
NNMT,0.09676176
RAB11B,0.09668649
RPS24,0.09665274
SEC22C,0.09659021
KRR1,0.09650721
TBX20,0.09650673
GTPBP10,0.09649249
FOXRED1,0.096482866
CREBL2,0.09641359
RIPK4,0.09638683
MRPS22,0.09638415
CHMP2B,0.09636977
DEDD2,0.09633845
AQP6,0.096279606
NAPEPLD,0.0962457
PNP,0.09623221
NDUFAF5,0.09621777
GCAT,0.0962134
ZNF282,0.09612668
ZDHHC15,0.09611077
ATP6V1G3,0.09606454
ZNF622,0.09603654
SNRPG,0.096011005
FBXO10,0.095989384
RPL15,0.09596025
CARHSP1,0.09595804
PREP,0.0959066
MKKS,0.095886566
TBRG1,0.09588471
EARS2,0.09588233
CCL26,0.09584584
SEC22A,0.0958379
HERC3,0.095802166
MGAT4B,0.095770776
EXTL2,0.09573389
GOLGA1,0.09572621
RPL10A,0.09569218
VGF,0.09566621
TXNRD3,0.095597014
MNS1,0.0955927
SLC38A1,0.09550923
SLC35A1,0.095481575
COPZ2,0.0954277
GALR2,0.0954184
REXO1,0.095368266
PRR13,0.095356934
RRP36,0.095288254
MSI1,0.095273875
RILPL1,0.09520924
HSPB3,0.095203936
SCNM1,0.09519088
KLRC1,0.09512483
GADD45GIP1,0.09508833
CHST11,0.09500942
LCAT,0.09496113
PYY,0.094927885
MPV17L,0.094896965
SSR4,0.09484099
APOM,0.09467983
ACAT2,0.09462418
PRSS21,0.09461057
NMB,0.09460784
GNPDA2,0.09460675
SLC39A14,0.09459654
KLK12,0.094584934
LY6H,0.09456183
PABPC5,0.09451435
EXOSC1,0.094407335
CCKAR,0.094371535
HOXD10,0.094322085
DBH,0.09427051
CUTC,0.09424494
NHLH1,0.094235845
EEF1B2,0.09423094
SURF6,0.09419491
RSC1A1,0.09417939
NQO1,0.094158225
G2E3,0.09414673
SCGB1A1,0.09413921
TIMM17A,0.09400271
SLC46A1,0.093985714
ACSL3,0.093902424
KLHL22,0.09390103
PPIL1,0.09379943
CARS2,0.09378859
GREM1,0.09377795
SLC25A39,0.09374454
LYRM7,0.093734235
CA12,0.09368943
ZNF844,0.09368613
NMD3,0.09368305
CAMTA2,0.09368252
CYB561,0.09367235
TMED1,0.093655676
SPINK7,0.09364986
PRUNE1,0.09361126
MARCKSL1,0.093590066
UBE2V1,0.09358419
ASNA1,0.09355622
CYTH1,0.09353085
BGLAP,0.093488544
PCCB,0.093300425
XPNPEP1,0.093169585
HLA-DRA,0.09316114
RSRC1,0.093140885
GSC2,0.09312014
ALPP,0.09311406
BOLA1,0.09307109
MPI,0.09303879
SRP14,0.093036115
PTGER1,0.0930221
SEC14L4,0.09300506
TM7SF2,0.092999905
CLDN16,0.09297554
SLC17A2,0.092966974
TMPRSS11A,0.09294162
CD63,0.09288496
CBS,0.09280315
ULBP3,0.09279289
TSPAN15,0.09272085
RPL17,0.092689745
UGCG,0.092575096
ISLR,0.09255356
TAF13,0.09254874
COX4I1,0.09254404
RPL30,0.092521094
SPACA3,0.09226841
RASL10A,0.09226331
PDCD1,0.09221114
NDUFB2,0.09220373
FKBP14,0.092168465
C1GALT1C1,0.09215927
COX5B,0.09207096
YME1L1,0.092070185
KCTD20,0.09204825
PTPRCAP,0.092012145
HEXB,0.092000306
TM9SF1,0.09194756
GSS,0.09194584
INHBC,0.09189129
8-Sep,0.09181832
INPP5K,0.09181122
TM2D3,0.09177485
AVEN,0.091773316
AIMP2,0.09175199
RHBDD1,0.09172464
RBAK,0.09165384
FAM50A,0.09156106
CHMP4B,0.09147681
RP9,0.091397665
PAPOLB,0.09137156
TMPRSS4,0.09135655
BYSL,0.09132545
RPS14,0.09132232
NIPSNAP3A,0.091283716
LRRC26,0.09123528
AMD1,0.0911924
LHX4,0.09114604
PLD6,0.09096938
UQCC2,0.090902135
SIX3,0.090809084
ME2,0.09072593
RBM24,0.09070901
C4A,0.0907004
ATL1,0.090691514
LSM2,0.09066603
GPD1L,0.09065419
STARD3,0.090532206
KCNH5,0.090524904
LEMD1,0.09051736
TRIM34,0.090497345
SGSM3,0.09039878
GNMT,0.09029992
RAB22A,0.09027749
ZNF34,0.09025664
PRDM13,0.09023591
NCEH1,0.090226755
AIF1,0.0902022
CTSL,0.09014314
HBZ,0.0900672
GLG1,0.090054415
SLC25A35,0.090022184
TRIM47,0.08998646
CXCL14,0.08995581
DCTN5,0.08990332
RFTN1,0.089900255
APOBEC3F,0.08988128
MRPS18B,0.08983948
TRIM59,0.0897687
HES4,0.08974543
FSCN3,0.08966962
ARR3,0.089623235
9-Mar,0.08954889
SCGB3A2,0.08953731
ZNF184,0.08951531
SULT2B1,0.08949973
LTBR,0.08948286
ZNF568,0.08945659
HSPE1,0.08938466
LBX1,0.08936728
DPH2,0.08932199
RPS29,0.08930243
PEX13,0.08923802
CNPY3,0.08923589
CTSZ,0.08915244
TMPRSS2,0.08907875
ACOT4,0.08902919
UPP1,0.08901488
ITM2C,0.08900353
TTPA,0.08895472
APPBP2,0.08888754
KCNIP4,0.08885197
TNFRSF8,0.088750504
ATP6V1D,0.088650644
CLP1,0.08861759
VENTX,0.08859833
AK8,0.088580064
MS4A6A,0.08851289
MPV17L2,0.088474125
SGPP1,0.08845978
VPS28,0.08844224
RPL31,0.08842764
ASGR2,0.08837067
SLC7A6OS,0.08832545
CLCN2,0.08829015
RCCD1,0.0882059
TPD52,0.08820241
CDC42EP5,0.08814263
LSM11,0.08814157
HBE1,0.0881409
RPLP1,0.088108025
CD59,0.08808454
ACOT6,0.08804079
GLO1,0.08803779
POU4F3,0.0879596
DHRS7B,0.08793601
AAGAB,0.087911166
NOMO2,0.087880954
DND1,0.08787726
NADK2,0.087836236
AP5M1,0.08776673
CABP2,0.08763502
G6PC3,0.08761427
TOMM5,0.087544225
MED26,0.08749784
SAPCD2,0.0874742
LYG2,0.08741174
OR7D4,0.087388955
ACSL1,0.08737934
ALKBH4,0.08733712
TMBIM6,0.08728117
PLEKHB1,0.08727065
ALS2CL,0.08724224
MRPS7,0.08722423
NOP53,0.08719748
PPP1R3D,0.08719585
AGR3,0.08714934
RPP14,0.08712665
TAC3,0.0871188
C5orf30,0.08711823
RBM3,0.08711473
SUPT4H1,0.08703495
RPP40,0.0870162
ALAS1,0.08699415
NCR1,0.08690901
QRFPR,0.08687144
AGA,0.0868289
COQ2,0.08677614
FPR2,0.08671853
11-Sep,0.08666271
MC5R,0.08657002
PRPF40B,0.08653867
TEKT2,0.08646442
AK2,0.086459264
CLEC6A,0.08641706
DUOXA1,0.08639976
COG8,0.08639597
PSMG1,0.086383194
PDIA6,0.08637266
STX4,0.0863525
TP53I11,0.0863265
UGT1A3,0.08627452
MCCC2,0.08626789
GSTK1,0.08626212
NECAB3,0.08625437
DEFA5,0.08620209
POPDC2,0.086181425
YARS2,0.086167
AGR2,0.086166516
CXCL13,0.08609902
SLN,0.08609901
TUFT1,0.086067855
BNIP3,0.08599373
PIP,0.08592045
SYCP2L,0.08589927
PLEK2,0.08580413
RRAGA,0.08578451
PAK5,0.08575545
DMBX1,0.08570932
A4GALT,0.08570932
RRS1,0.08569353
PIGM,0.08563256
VPS36,0.085602775
COX5A,0.08546171
ZFYVE27,0.08546043
LONP1,0.08545005
CELF4,0.085421786
ZFP62,0.08539814
TMEM139,0.08539244
RPS2,0.085389994
ZNF526,0.085389495
GALNT3,0.0853692
FAM161A,0.085349604
CTSC,0.08532569
MICA,0.08529586
NSMCE3,0.085280366
LEFTY2,0.08524158
CERS1,0.085220076
DNAL4,0.08513671
MYOZ3,0.08510409
ACOT7,0.08508259
SUCLA2,0.08506607
ADAP2,0.084931806
SLC37A4,0.084923565
MTFP1,0.08481272
TOX3,0.08481028
CYB5R2,0.08479483
PSMB7,0.08471908
RPL34,0.08467333
NUBP2,0.08465149
KTN1,0.08462167
RBM45,0.08461496
GZMK,0.08459778
PSMG2,0.084574014
SMAP2,0.08450196
CIP2A,0.084501535
L2HGDH,0.08448498
STX10,0.08446222
MTHFD2L,0.08446172
KRT74,0.084420174
DDX24,0.08439132
PPIL3,0.08437584
TM6SF1,0.08429988
BECN2,0.0841636
TEFM,0.08416289
GMNC,0.0841117
TOR1B,0.08411054
MRPL2,0.0840316
MRPL53,0.08397385
VPS37D,0.08395628
MOCS1,0.08390985
SEMG2,0.083890475
SLC35G5,0.083866
ANGPTL5,0.08386596
SPACA4,0.083847575
GRPEL1,0.08383027
FAM120B,0.083808035
DDOST,0.08379872
SLC25A30,0.08374946
SERINC2,0.08373307
MREG,0.083691336
CHST1,0.08365591
CCL5,0.08358999
MPST,0.08354623
ARF4,0.08351094
ISCA1,0.083467074
CCR3,0.08345408
PCMT1,0.083424434
GDE1,0.08339332
YOD1,0.08336648
FOXD2,0.08332003
HLA-DPA1,0.08330608
NPPC,0.08329888
PGGT1B,0.083239034
FERD3L,0.08313934
GGT6,0.083026305
SLC41A2,0.08301363
HARS,0.08297644
DEFA1,0.082938895
PSMD7,0.08281485
GDA,0.08278979
NVL,0.08274961
BTN2A2,0.08274824
LYPD1,0.08272397
GTF3C6,0.082638
CTSK,0.08262541
VPS16,0.08256778
NECAB2,0.082384184
SMIM3,0.08233643
HIKESHI,0.08232755
RAB21,0.082324944
FASTKD2,0.082278214
RRBP1,0.082200415
SLC25A42,0.082175925
IDO1,0.08216202
TSPAN2,0.082069695
GUK1,0.08204215
NPY2R,0.08203422
PTH,0.082029134
RPIA,0.081997305
TMEM70,0.08185567
GGNBP2,0.0818262
CNFN,0.08179296
PIGL,0.081763566
ATP6V1E2,0.08168523
MGST1,0.08166631
NGDN,0.08161693
YIPF5,0.081601016
ACKR2,0.081491984
IFT81,0.08144964
MAS1,0.08133385
ZNF205,0.081331156
TRH,0.08133107
HRASLS2,0.0813043
KISS1,0.08123306
CLVS2,0.08113537
B3GLCT,0.08109096
PUS1,0.0810879
METAP1D,0.08108119
MRPL54,0.081061386
ATPAF2,0.08105519
DGCR6L,0.08101751
TMEM173,0.080971815
HIST1H4G,0.08094133
TRHR,0.08090419
ATG10,0.08081864
TM9SF2,0.0808121
ADAMTS4,0.080775216
MOBP,0.08077506
ACP6,0.08076706
SPANXD,0.08075311
BMP15,0.080733486
MAL,0.08072988
KLHDC8B,0.08068296
SLC30A6,0.0806148
B4GALT7,0.080604926
ZDHHC8,0.080577016
TFB1M,0.08057558
PGPEP1,0.080574006
HTR1F,0.08049612
STK19,0.08048846
THEM5,0.08045541
WASHC2C,0.08039317
RGS22,0.080374576
SPAG16,0.080312006
CDX1,0.080294944
PIGY,0.08028823
SLC6A12,0.08028313
SPATA20,0.080281645
NCBP2,0.080243684
CCDC115,0.080218054
MASTL,0.08021543
MGP,0.0801939
ENKUR,0.08017243
POLR2I,0.0801297
CGGBP1,0.08001965
CRB3,0.08000834
S100A12,0.0799237
DBT,0.07992273
KLHDC2,0.0798807
TREH,0.07987238
DEFB4A,0.07982772
SLC17A8,0.07981922
LOR,0.079815134
CD53,0.07980344
MEP1B,0.07977268
TEX101,0.079723224
NOMO3,0.07970246
ZNF264,0.07968627
VAMP5,0.079621054
HLA-G,0.079591654
ORAI3,0.07955617
GJB5,0.07954826
DPYS,0.07948472
TMBIM1,0.07948385
ZFP90,0.079482965
DHRS9,0.079461284
PDCD7,0.07943697
SLC25A48,0.079404846
SGPL1,0.07938459
APIP,0.07931389
SLC2A6,0.07918473
ZDHHC9,0.07915499
GMPPA,0.07914832
AP3S1,0.07914341
TRIM69,0.07910637
NDUFA9,0.07886344
STOX1,0.078849085
CD24,0.07882488
SLC9A7,0.07869011
MTHFS,0.0786829
ATP13A3,0.07863604
ADK,0.07863177
SFXN3,0.07863141
NEO1,0.078628495
OAS1,0.078593835
EXOSC3,0.07859366
TSNAXIP1,0.07857883
AUH,0.07851762
NDUFB9,0.07851399
OTOP3,0.07850056
DPYD,0.07849884
TSFM,0.07843803
CYLC1,0.078401074
ZNF589,0.07839728
RHOT2,0.078380376
COLEC10,0.07837291
SNN,0.07833923
FOXD4L1,0.07831503
TACSTD2,0.0782953
RAB5B,0.078276694
CERCAM,0.0782482
IGLL5,0.078243196
SPAG4,0.07821403
MRPS33,0.078210376
PLTP,0.07811131
CERS4,0.078088306
GAL3ST2,0.07808227
SPIC,0.07803855
IPP,0.07796804
ZDHHC16,0.07795848
RILP,0.07792983
AQP9,0.07782917
NINJ2,0.07780145
PTCD3,0.07779249
SLC25A31,0.07774601
PSMB11,0.077733904
ZER1,0.077699356
ETAA1,0.07769629
BHLHA15,0.07764178
RPL7L1,0.077634126
RAB10,0.0775918
ORMDL3,0.07758696
RPS19BP1,0.07756385
SCARF1,0.07753297
ADIPOR1,0.07744023
ZSCAN22,0.07742263
GPR84,0.077418864
HSD3B1,0.077335835
RPS18,0.077289574
TSHB,0.07728188
NRG4,0.07726013
TSPAN13,0.077236034
RAB12,0.077231064
ADAMTS12,0.07722922
PIPOX,0.07720525
ENTPD8,0.07719446
BTLA,0.07712968
SCAMP2,0.07712213
SACM1L,0.077066384
CAVIN2,0.077060156
GRXCR1,0.077048324
SLC35C1,0.07703503
TPD52L2,0.07696946
C1QC,0.07696189
LSM5,0.07691643
B3GAT3,0.07690689
UFM1,0.076902844
GLRX,0.07676728
LRRC59,0.07667198
CNNM4,0.07664404
NSDHL,0.07664289
BST1,0.07664044
SLC38A4,0.07663689
SULT2A1,0.0766061
SLAMF8,0.07642548
CORT,0.07628509
BCAP31,0.07620555
BUD31,0.07614963
APOF,0.0761361
VPS26B,0.07612694
SLC7A6,0.07602748
PTDSS2,0.0760173
TXNDC12,0.07599891
ACADS,0.07597598
RNASEH1,0.07593537
SHPK,0.07593328
STX5,0.075878635
DNASE1,0.07580214
PIGQ,0.07579185
RPL36AL,0.07577837
BEX5,0.07573301
IRAK1BP1,0.07572469
TIMM9,0.075665034
DAZL,0.075664274
MED30,0.0756566
SLC16A2,0.07564056
GPX8,0.075587906
RRP12,0.07557583
HOXD12,0.075541705
B4GALNT1,0.07554122
ACOT8,0.07553341
TMC6,0.07547919
KLK14,0.07546079
ZNF195,0.07545338
GNPNAT1,0.07540916
NDUFA8,0.07534935
SDHC,0.07531504
TIMM22,0.07530085
ATP2B3,0.075292714
INIP,0.07527933
TSEN34,0.07522977
MNX1,0.075214155
JAGN1,0.07514536
TRAPPC3,0.075136974
PMPCA,0.07501248
ZDHHC13,0.074972056
TSSK2,0.0749486
TM4SF4,0.07491996
PPA2,0.0748013
PSMB9,0.07470445
PTS,0.074687846
LPCAT3,0.07466172
EPHX2,0.07463863
NXT2,0.07460354
GDPD5,0.07455384
SLC7A8,0.074548095
TK2,0.07451507
ENPEP,0.074500196
AMIGO1,0.07443699
RSPH9,0.074373364
SYPL1,0.07436601
MRPL33,0.07428237
SLC9A5,0.074260175
KCNK9,0.07421243
KCNN2,0.07419448
KCNAB3,0.07419435
MSC,0.07418475
KCTD11,0.0741818
CCIN,0.07412271
GCNT3,0.074107274
STEAP2,0.07409143
ZNF830,0.07408597
C1S,0.07407499
NUDT14,0.07395004
CRISP3,0.073947065
SLIRP,0.07394043
NAT8,0.073921986
ALDH1L2,0.0738837
RPRD1A,0.07384681
ESD,0.07382013
GSTM1,0.073780015
TSPAN33,0.07377642
YIF1A,0.07376491
PEX16,0.07376117
BACE2,0.073717445
SMDT1,0.07371639
ALKBH2,0.073713295
ZNF37A,0.07366514
GNAT3,0.07366029
KCNC4,0.07365485
COX6B2,0.07361893
TCTA,0.073617145
SLC30A3,0.0735877
ETFDH,0.073580615
GYPC,0.07351161
TREM2,0.0733946
AMTN,0.073281765
PON3,0.073271774
MFSD8,0.073202096
MYL10,0.07313869
TBCA,0.07311415
SLC25A33,0.073085636
SMCP,0.07301631
CD300LF,0.0730085
CPOX,0.0730049
GAMT,0.073002614
MAGT1,0.07289739
MRPS26,0.07289687
TEX19,0.07287358
PIGT,0.07283343
ZNF468,0.072788246
AKIRIN1,0.07275707
F11,0.07271094
APOBEC1,0.072638825
TMEM30A,0.072562076
MOCS2,0.0725606
PRSS16,0.07254988
APOPT1,0.072547816
UBTFL1,0.072539054
TM6SF2,0.072485946
FMO4,0.07242942
TSPAN6,0.072393455
UROD,0.07232661
SPATC1,0.07221493
EMP1,0.072197184
UBL5,0.072193846
UBXN4,0.07218393
MTCH2,0.07211056
HYAL3,0.072068915
UQCRB,0.07205633
ARV1,0.0720332
P2RX3,0.07202899
ODAPH,0.07201691
HCCS,0.071985625
ICOS,0.07190917
NEXMIF,0.07189891
OSTM1,0.07188033
DYM,0.07181303
CYP2B6,0.07181115
SPRR1B,0.07178326
FGF12,0.071760595
LBX2,0.071705125
MRPS15,0.07167789
IGHD,0.07167387
SRFBP1,0.07165448
RNF138,0.07164653
FATE1,0.07160808
LMAN1,0.07158047
GOT1,0.07151628
TBC1D10A,0.071512036
RPL18,0.07149717
AIFM3,0.07144189
MRPL43,0.07141947
SLC2A8,0.071314834
SURF1,0.071196266
ETFB,0.071114875
HYAL2,0.07108839
NAPG,0.07108626
PNPLA3,0.07106357
ETHE1,0.07104808
10-Sep,0.07104121
ANKRD54,0.07098389
CISD2,0.0709792
ERG28,0.07097389
SEC62,0.07095808
EXOSC7,0.070954606
RNASE2,0.07093689
SPSB4,0.0708825
GOLM1,0.070862
DNAJC30,0.07083909
GLRX5,0.07076017
CCDC113,0.070703685
TNFAIP8,0.07068599
ADPRHL2,0.070651524
DGCR6,0.07059687
CRP,0.07056769
PSME2,0.070525154
ATG9B,0.07052158
GLT8D2,0.070493475
GPX4,0.07048922
PSMB3,0.07038263
CHST12,0.07036858
CTU1,0.07027892
SLC25A6,0.070278004
XCL1,0.070257396
FXYD7,0.07024512
CHST14,0.070221886
CISD1,0.07019641
PGRMC1,0.07016318
UBQLN2,0.07012738
C6orf120,0.07011117
SH3BP1,0.070066884
NUDT11,0.07000031
MIF4GD,0.06998403
SLC31A1,0.069938555
SPTLC3,0.06992948
CDS2,0.06991435
BHLHA9,0.06987449
ALPI,0.06984695
MYORG,0.06983133
RHOXF2,0.06982662
POMK,0.069790505
FCER1G,0.06977001
GALNT4,0.06974431
HLA-F,0.06974198
CHRDL2,0.06963871
TRAPPC12,0.06952996
DPEP1,0.06950616
CTAG2,0.069494314
COX8A,0.069466025
TOE1,0.06936965
ATP6V1C1,0.069359064
CXCL6,0.0693562
SLAMF6,0.06933424
TMEM14C,0.06932224
AAR2,0.06932168
ACOX2,0.069301896
NCR3,0.06927816
PCSK4,0.0692573
SETD6,0.06918457
IST1,0.069162555
DDX47,0.06915215
VIPAS39,0.06907905
KCNJ5,0.06904852
SLC50A1,0.069017366
2-Mar,0.069013335
CXADR,0.06900501
ALKBH7,0.068971165
POLG2,0.06889869
CEP41,0.06880002
CHRNA9,0.06875447
HOXD11,0.06871394
GALNT13,0.068710275
PEMT,0.06863849
LAMTOR2,0.06858511
INSIG1,0.0685734
SNRPE,0.06856247
POLG,0.06855409
ADI1,0.068542615
CTAG1A,0.06846648
CTAG1B,0.06846648
ADIG,0.06846646
DEGS1,0.068447955
GP9,0.06844615
PEX26,0.06840978
ZNF202,0.0683791
TEKT3,0.06836497
FAM98B,0.068342745
CDC42EP4,0.0682943
TMEM126A,0.06824897
CD7,0.06821291
OIT3,0.06820697
CYP4X1,0.068186864
COX17,0.06813713
VAMP7,0.068127684
CAVIN4,0.06810341
TM4SF18,0.06801679
PITPNM2,0.06794806
PITPNM3,0.0678354
THAP6,0.06780917
PTGES2,0.06776423
HS3ST1,0.06775836
EMC10,0.06775227
DCTPP1,0.06772302
TCEA3,0.067702115
HTR1D,0.067692734
NDUFA1,0.067687534
C8G,0.06760549
PANK1,0.06758211
LYZ,0.06746019
TRAPPC6A,0.06736069
NAAA,0.06722102
DDX56,0.067102686
CTSO,0.06697732
FEZF1,0.06697196
DDO,0.06693404
FOXO6,0.06689088
BET1,0.066890284
PDCD1LG2,0.066857114
GMPS,0.06682494
AMBN,0.06668909
P4HTM,0.066648915
TNFRSF13C,0.06663415
RBBP9,0.06659346
NDUFA13,0.06658784
CCL17,0.066564284
ZNF664,0.06655304
MVK,0.06655266
EPHA10,0.06652815
ZNF346,0.06646472
NFU1,0.066406414
SULT1B1,0.066387214
CLDN17,0.06627094
BLOC1S6,0.066216506
GYPB,0.0661601
AFMID,0.0661084
SLC25A29,0.06609852
SERPINB10,0.06605011
HLA-DQA1,0.066048436
COX11,0.06596225
DDT,0.065904714
ADRM1,0.06585871
TNFSF9,0.06581583
CENPQ,0.06577415
GPRC5C,0.06574335
RNASE3,0.06574105
CYGB,0.06573428
RASEF,0.06572496
DTYMK,0.06572443
NBPF15,0.06566449
SPO11,0.06565994
RAB40AL,0.06562514
KCNK17,0.065595396
ECI1,0.06558521
SBDS,0.06551712
CREB3,0.0654408
TMEM102,0.06542884
SLC34A3,0.06541094
PARL,0.06533398
WDR45B,0.06532248
MRPL18,0.06525833
ZIC1,0.065241285
DAGLA,0.06522961
CLPTM1,0.06522695
TMED5,0.06518318
ODF3,0.06517372
SYNGR2,0.06514312
FAM3C,0.06512224
RAB27A,0.06512101
PNPO,0.06502305
MED11,0.06501198
GPR20,0.06500959
B3GALT6,0.06497761
GNRHR,0.064974785
PARM1,0.064900964
EHF,0.064772174
GALNT1,0.06476055
B3GAT1,0.0647044
GPR21,0.0646882
SLC35G2,0.06460837
TTC19,0.0646062
NUBPL,0.0646032
LIME1,0.06456758
NTSR1,0.064541526
MRPS6,0.06447334
AKR1B1,0.06444205
PRELID1,0.064425394
SLC35B3,0.06440721
TNFRSF4,0.06434763
E4F1,0.06431044
LTB4R,0.06428002
GAS6,0.06427825
TMEM174,0.06425165
TACO1,0.06423047
LSM3,0.06420536
SERPINA3,0.06420495
TFAM,0.064197026
UGT1A6,0.064123265
IL32,0.06397536
ZNF22,0.06395614
CHST8,0.0639416
LMBR1,0.06393734
CHST6,0.06381742
BLOC1S3,0.06372516
NDUFS5,0.06370922
NDUFB10,0.063546784
GRHPR,0.06350007
SLC25A44,0.06343178
AP1S3,0.0633771
GSDMA,0.063352816
FAM57A,0.063342854
SNX11,0.06333235
SLC2A13,0.06329696
CLN8,0.06328545
IFITM3,0.063244656
FITM1,0.06324309
RSL24D1,0.06320639
GDF7,0.06314875
OLIG3,0.06314383
PIGB,0.06311686
TIMMDC1,0.06311342
ATP6V1A,0.06309838
MPDU1,0.06309593
KLHDC1,0.06307504
UBA5,0.062966
INPP5J,0.062939614
ZNF140,0.06293121
TMEM94,0.06291007
PKD1L3,0.06284933
SRPRA,0.06284
MGST3,0.06281499
LACTB,0.06280735
APEH,0.06279652
LYRM4,0.06278472
MRPS17,0.062767014
RTP4,0.062756345
DHTKD1,0.062710896
ARSE,0.06271058
GUF1,0.062688656
PPAT,0.062654406
S1PR5,0.062639005
ZNF136,0.06261592
TM2D2,0.062607646
MMAA,0.062571384
BIN3,0.06256928
LGI3,0.062548965
DGCR2,0.06254105
AP3S2,0.06253861
FANK1,0.06251594
STRA8,0.06251327
NPL,0.06251056
IFT88,0.062490255
IFNA14,0.0624489
ARSI,0.062425315
IRX5,0.0624122
HRASLS,0.062393326
CLCF1,0.062373966
OAZ1,0.06232503
HILPDA,0.06231684
TUSC3,0.062284783
TST,0.062274918
DGKE,0.062204227
LRRC10,0.06220368
NT5C1A,0.062178485
SLC25A10,0.06216431
KDSR,0.062136512
TAGLN,0.06211041
SEC63,0.06205924
IRX1,0.06204854
CEACAM8,0.062047943
RRP15,0.062039323
GJB6,0.062005565
ARSA,0.06198515
CCL22,0.061984673
TIPRL,0.061944693
PLPP3,0.06188905
RELL2,0.06178713
HARS2,0.061718915
MTRF1,0.061705288
GART,0.061685484
TAF7L,0.06167298
ECHDC1,0.061634608
MRPL48,0.06159874
ALDH5A1,0.061549544
SRR,0.061509166
CLN6,0.06150451
AGPAT2,0.06146269
CARD19,0.0614621
PRSS1,0.061412375
TMEM258,0.061402284
CHST13,0.061392512
REXO4,0.061339986
SPINK6,0.061330233
TPK1,0.061283685
PRM1,0.061228614
TMBIM4,0.06120965
SCAMP1,0.06116177
S100A16,0.06114418
ALDH4A1,0.06111895
RAMP2,0.061111026
TXNL4A,0.061056156
HS6ST1,0.06100108
POLR1D,0.060920324
GP5,0.060890384
HINT2,0.060875587
QPCT,0.060853153
PRSS2,0.06083475
EMC8,0.06078674
CLIC3,0.060774367
TMEM135,0.06076533
SPR,0.06074389
AAMP,0.060730346
FOXD4L4,0.060720682
TENT4A,0.060696837
NEPRO,0.06065103
RPS21,0.060630802
APMAP,0.06060955
KRTAP13-1,0.060602237
RPP38,0.06054829
PITPNA,0.060537934
AQP8,0.060531385
ZNF593,0.060431197
GNB1L,0.0604089
TMEM230,0.060302984
RTN4RL1,0.060296007
UBL3,0.06029132
BBS4,0.060274344
YBX2,0.060268283
ISY1,0.060252592
TSR1,0.060252544
ZNF497,0.06018231
NOC4L,0.060134012
NRSN2,0.06010129
ZDHHC21,0.060089625
ASPRV1,0.06003275
FDXR,0.05993885
UGT1A1,0.05992021
SSR1,0.059853673
ATP6V0E2,0.05983314
SLC37A1,0.059828416
CES3,0.059825655
MRPL38,0.059785623
LSM7,0.059743684
SLC35B1,0.059734393
ERLEC1,0.059719037
AGPAT1,0.0596564
NAXE,0.059655897
TRAPPC6B,0.05964915
SUCLG2,0.059631255
LSM6,0.059543457
SURF4,0.05952361
HIBCH,0.059388664
MT1H,0.05937191
LIN28B,0.05934751
BLVRB,0.059336882
RPL6,0.05928682
5-Mar,0.059278302
SKOR2,0.059274495
SDHAF1,0.05927318
MRPL24,0.059257638
HSD17B7,0.05918987
LSM10,0.059182078
SYCE2,0.059149522
NSMCE1,0.059116263
SNX25,0.059102327
FKBP8,0.05904198
VAX2,0.05899892
NAGPA,0.05899459
HEXIM2,0.05893268
FUT1,0.05890596
LSM8,0.058799997
NINJ1,0.058783494
TP53INP2,0.058749545
USP30,0.058732394
INTS10,0.05871943
PAK1IP1,0.05858925
SNRPB2,0.058579363
GPR25,0.058542322
GCG,0.058517028
CCL3,0.058482297
GLS,0.05841412
MARVELD1,0.058408894
ATIC,0.05834128
MOG,0.05828755
OVOL2,0.058268316
TMED10,0.058198456
ST3GAL4,0.05819249
ZNF213,0.058136497
GMPR2,0.058089945
LACRT,0.058073156
MRPL3,0.058030162
GALT,0.058010355
GXYLT2,0.057939097
MRPS35,0.05792444
HSPB9,0.057919104
HLA-DPB1,0.057887044
ACBD5,0.057874784
FAM234B,0.05787349
ACOX1,0.057846967
PCP4,0.05783781
KRTAP5-1,0.057738774
PPCDC,0.057702605
TMEM79,0.05769047
MSRB2,0.057659727
LMX1B,0.057599995
SCARF2,0.057519708
IFT80,0.057477623
MT1E,0.05745598
GGT5,0.057395145
STOML3,0.05739402
NDUFA5,0.057357594
NDUFS1,0.05735173
ZNF320,0.057304226
TPI1,0.057277337
CKLF,0.057266228
SAMD8,0.057254013
PEX10,0.057225455
RNF5,0.057200264
CA5B,0.0571823
MGAT1,0.057165846
PILRA,0.05715168
PRPF18,0.057120506
IL9,0.057104852
DDRGK1,0.057090018
GLYCTK,0.057066392
ZFYVE21,0.057043932
SFXN4,0.05703892
SLC41A1,0.05699931
ZDHHC7,0.056941878
KRTAP11-1,0.056885518
HSD17B14,0.056881793
STN1,0.0568761
ROM1,0.056862228
ZNF256,0.05685737
UGT1A10,0.056792498
ATP1B3,0.05668848
TNFRSF12A,0.056678664
SCGB1D4,0.056605183
QDPR,0.05654894
SCAMP5,0.05651934
TSPAN5,0.056463502
TMTC3,0.056427542
CMTM8,0.056414332
NDUFB6,0.05633538
FXN,0.056282945
CAMLG,0.056269858
RUSC1,0.056266405
IDI2,0.056245714
YKT6,0.0562355
ODF4,0.056167133
PRPS1,0.056161873
ETNK1,0.056142844
FABP3,0.056044277
SCD,0.05603015
PQLC2,0.05593588
DHRS1,0.05591054
5-Sep,0.055900186
NKX6-1,0.055880673
ZNF324,0.055806577
ABHD1,0.055797245
NT5C2,0.055796243
MGST2,0.05573905
LILRA4,0.055736624
IFNAR2,0.05573352
ACAD9,0.05572757
AACS,0.05563904
ZNF181,0.05563085
CHST7,0.055621702
MRPL28,0.055594914
PF4,0.055507477
THBD,0.055484537
SLC43A3,0.055476397
NT5C,0.05547501
SLC5A2,0.05547161
MED18,0.055465404
IFNGR2,0.055461753
SLC18A3,0.05543067
FAM32A,0.055428766
MPLKIP,0.05536929
HTR1A,0.055367794
HTR1B,0.055286743
MCEMP1,0.055275243
TACR2,0.055261903
ATP6V1E1,0.055259436
MRPL1,0.055172972
TAS2R19,0.05516622
SFTPB,0.055134688
MIPEP,0.05510422
IFIT2,0.055068202
YPEL2,0.055049647
ISCU,0.055027265
ISCA2,0.054956242
ZKSCAN5,0.054936573
IMPA1,0.054759506
LYPLA1,0.054738037
EBNA1BP2,0.05472335
COMMD4,0.05470625
SUMF1,0.054691143
RERG,0.05463957
PAQR5,0.054638684
COX6C,0.05463516
ZKSCAN4,0.05460987
SLC19A1,0.054609545
PMM2,0.054606058
QTRT1,0.054571323
CLEC14A,0.05456873
HINT3,0.054561324
SLC4A1AP,0.054533772
GATB,0.054519266
CMTM7,0.054491714
EEF1AKMT3,0.054452103
CD300LB,0.054417994
POMT1,0.05436358
IVD,0.0543431
KCNMB4,0.054285366
RPL36,0.05423568
ZNF79,0.05416233
TMC8,0.05413559
ARL6IP1,0.054045822
SNF8,0.053987
TSPO,0.053932186
SPINK1,0.053901576
ERGIC2,0.053883314
LY6E,0.05385787
BCS1L,0.05378477
C4B,0.05378305
LCLAT1,0.053778484
CYB5R3,0.053740073
PLEKHF1,0.053733394
BMP10,0.05372373
BST2,0.053625096
NDUFA2,0.0535876
GSTA3,0.053560916
TOMM20,0.053504568
EVI2A,0.053470857
CTC1,0.053444143
NDUFS7,0.053419497
TOMM7,0.053370435
MCUR1,0.053342063
ZNF480,0.053327464
GAL3ST4,0.053270597
C1R,0.053258583
NDUFA10,0.053255662
LTC4S,0.05321846
SNRPF,0.05320694
NEMP1,0.053105988
CHMP4C,0.053083263
TSPAN3,0.053006995
CHTF8,0.052989025
B4GALT2,0.05298138
CLVS1,0.052968368
AS3MT,0.052946996
SDHD,0.052927215
TRAF3IP3,0.052903593
SCO1,0.052665107
UBE2J1,0.05265618
BCKDHA,0.052646138
RPP21,0.05243422
GPR119,0.0524327
BMP8B,0.05230863
CMTM3,0.052298766
PDIA5,0.052292842
TMEM9,0.05227727
GABRB3,0.052269854
PPCS,0.052240644
SEC11A,0.05223232
STIM2,0.052200638
GJC3,0.052179553
METTL14,0.05216226
CCL4,0.052156303
SLC27A2,0.052155294
IMPAD1,0.052150764
SIGLEC12,0.052086763
LAMTOR1,0.052072883
SLC47A1,0.05202037
TAMM41,0.05191515
ELOVL1,0.05183303
KRTAP4-5,0.05177835
ALG11,0.05175912
CD99L2,0.05172125
FEZF2,0.05161219
MRPS34,0.051603068
CRELD1,0.051594187
RAX,0.05156465
OAT,0.051528838
DDHD1,0.051465288
KLRD1,0.05141092
CTRL,0.0514058
OXSM,0.05140257
ANGPTL3,0.051370606
KLRC2,0.051359933
TIGD1,0.051338945
ACAD10,0.051322065
NDUFB1,0.05131496
HLA-DQB2,0.051284816
ARL6,0.051284745
VSIR,0.051268727
TMEM38A,0.051255044
APOC4,0.05119748
CLDN4,0.051184326
DHODH,0.051136896
ACAA1,0.051088803
POMGNT1,0.05106643
TMEM25,0.05105429
TPSG1,0.051037427
MED29,0.051016796
MTX1,0.050937854
SNAPC2,0.05089592
MTX2,0.050874963
BLCAP,0.050865676
CMTM4,0.0508503
TRNT1,0.05081044
CYP2A13,0.050802287
AZGP1,0.050777048
CHPF2,0.050767887
SYN3,0.05067636
TNFRSF6B,0.0506737
TSEN15,0.050672233
ACY1,0.050670248
MRPS18C,0.05066526
TMUB1,0.050597128
MFF,0.050588798
NME3,0.0505834
PIGX,0.05034298
SYT10,0.050310913
ALDH1B1,0.050304454
RRP8,0.05028779
TMEM159,0.050268814
SUSD3,0.050204996
P2RX4,0.050195865
GSTT2,0.05017834
DPH3,0.049998153
ATP6V1C2,0.04999799
ARL8B,0.04999154
SELENOM,0.049978748
AMIGO3,0.049928714
CD70,0.04990788
POLDIP2,0.04986362
TM9SF3,0.04986257
SUCNR1,0.049800225
TNFRSF10C,0.049764678
ZRSR2,0.049731787
HTR2B,0.049728744
UGT1A9,0.04971874
PLEK,0.049715985
MTNR1B,0.049698234
POLR2M,0.049692754
SCAND1,0.04961971
CBR1,0.049541414
MOGAT3,0.049438473
CHCHD3,0.04941493
ZBTB48,0.049341436
MGAT5,0.049263872
SPATA16,0.049204633
AGPAT5,0.04916771
AVP,0.049154103
GIPR,0.049132105
CST5,0.04909637
POLR2H,0.04906449
KIF12,0.049064316
CLUAP1,0.04904515
PLSCR2,0.049005866
SLC6A8,0.04898816
IAPP,0.048962418
YIPF1,0.048945602
LPAR3,0.04885071
LRFN3,0.048807263
SLC39A2,0.048760794
APOA2,0.04873778
AGRP,0.04873682
SLC26A2,0.048734207
SPANXC,0.048711672
SFTPA2,0.04868408
CLPTM1L,0.04867817
VPS25,0.048657317
GP2,0.048629604
PIGF,0.0486106
PGLS,0.04858303
VAMP1,0.04855808
UPK1A,0.048508063
CTSH,0.04848422
GP1BB,0.048479922
TOR1AIP2,0.04844631
MRPL27,0.048343036
KERA,0.048325952
CD74,0.048307154
NDUFS8,0.048297524
SCO2,0.04819051
OLIG2,0.048109107
TMEM14A,0.047995694
SLC26A8,0.047941472
EXOSC6,0.04794047
MFSD4B,0.047915123
ACOT13,0.047881167
TMEM45A,0.047880374
HBQ1,0.047799237
VDAC2,0.047787182
POLR2J2,0.047762215
ZKSCAN3,0.047757413
TTC8,0.04773737
CHCHD7,0.047715858
BTN3A3,0.047666524
VTI1A,0.04766173
TMEM237,0.047616806
SFTPC,0.047558885
BRI3,0.04755679
CYP19A1,0.047518354
VMAC,0.04750651
HPRT1,0.047489602
SLC25A3,0.047487047
TMEM50B,0.047473952
B3GNT5,0.04744921
ALG3,0.047421396
SLC17A1,0.047388945
RFK,0.047323674
SLC25A17,0.047323097
ELOVL2,0.04730272
STOM,0.04729826
DERL3,0.04729261
SLC10A2,0.047266085
DPY19L1,0.047217846
COQ7,0.04720503
SCAMP4,0.047202352
NLGN4Y,0.047178045
AFG1L,0.047153424
DNAJC19,0.04711496
ZBED6,0.047046494
VNN2,0.046958886
TAPT1,0.046937425
TMEM205,0.046904664
HS3ST2,0.04690142
SLC12A1,0.046878185
ZFY,0.046839803
ZNF683,0.046698563
RPS15,0.046698064
DRAM1,0.046664782
MRPL21,0.04660387
SLC35A3,0.04658716
ALG9,0.046542417
SELENOK,0.04652947
PDSS1,0.04652898
TMEFF2,0.04644009
CLCN7,0.04640994
ALG10,0.046397507
LEMD2,0.046382815
MS4A6E,0.046252158
PAOX,0.04621308
CHID1,0.0461858
FDPS,0.04617528
AKIRIN2,0.046174143
FAM220A,0.046128683
SOX1,0.046090934
IL10,0.045986068
MGAT2,0.045940712
PTGES,0.045924187
NDUFV1,0.04584514
SLC12A7,0.045842797
RIOK1,0.045840394
ABHD16A,0.04583058
PHPT1,0.04581528
ASGR1,0.04580264
RPL39L,0.045600165
KDM8,0.045593113
COA5,0.045582462
ZNF174,0.045484986
FKBP7,0.04548092
TAP2,0.04543935
HOXD1,0.04539961
OXA1L,0.045215394
MMAB,0.045190997
TMEM50A,0.045168217
WRB,0.045156382
PDZK1IP1,0.045020256
GSTA4,0.045019973
GALK2,0.045006577
DPEP2,0.0449263
ZNF330,0.044915244
ONECUT2,0.044906132
NCR2,0.044886496
NPB,0.0448686
MS4A12,0.04478605
VAMP3,0.044783827
ZP2,0.04478329
EN2,0.0447532
SRGN,0.04473059
MRPS16,0.044707216
LRP10,0.044676486
MRPL22,0.04464618
NIFK,0.04456496
ETFA,0.044467587
MRPS23,0.04443596
MALL,0.04437298
HJV,0.044355463
GPRC5D,0.04434161
ADCYAP1,0.044331852
YRDC,0.04420728
C1QTNF6,0.0441552
MSMO1,0.04407602
POLR3G,0.044074908
ZNF71,0.04403549
C3AR1,0.044028174
ACSF2,0.04400974
LEPROT,0.04399771
CISD3,0.043963313
ADO,0.0439239
NAA38,0.04385773
CLPP,0.043851323
CHRNB1,0.043822892
FXYD3,0.043804154
CYREN,0.04377088
GOSR2,0.043760795
RAB27B,0.043724444
HGD,0.043719947
NIPA2,0.0437054
NXPH3,0.043660123
PKD2L1,0.043591365
LHFPL5,0.043507528
TIMM10,0.0434805
KIRREL2,0.043457482
MRPS28,0.043426353
CCL19,0.043392878
SPOCK2,0.043384366
ISOC2,0.04332144
TMLHE,0.043287776
HMGB4,0.04322245
ARL13B,0.043179672
NFAM1,0.04314081
SNX14,0.043127038
CCL2,0.04310831
LRAT,0.043069117
DERL2,0.042992115
TOMM22,0.042969305
SLC15A3,0.04282969
PAQR6,0.042757526
IL18BP,0.042752717
IFT20,0.042749353
HBG1,0.04274059
GLTP,0.042662993
NAGA,0.04266279
SYNGR1,0.04254499
HBM,0.04253587
APOO,0.042333476
ZSCAN20,0.042321235
CD180,0.04230034
SCLY,0.042158116
NDRG3,0.042128187
TIMM17B,0.04204416
C1QTNF1,0.041967865
IMP3,0.041965555
ZNF273,0.041928224
URAD,0.041921444
RTP2,0.0419069
UCK1,0.04182942
PCNX3,0.04180442
BOLL,0.04174291
CTRB1,0.041706856
PLPP6,0.041698642
TRAM2,0.041695178
IBA57,0.0416011
PRRT1,0.04155895
TIMM23,0.04151683
SLC22A7,0.041505653
RBM42,0.041464347
BBIP1,0.04129355
DCXR,0.041243356
PMP22,0.041217756
3-Sep,0.04121124
YIPF6,0.04120154
PGRMC2,0.04116615
TMED4,0.041146398
STARD3NL,0.041120864
SLC27A3,0.041080132
SPRR1A,0.041070916
DGAT1,0.041053966
ZCRB1,0.04102729
RRH,0.04102686
STX1B,0.04101672
FCER1A,0.041009367
PAQR7,0.04097115
FKTN,0.040969536
GNL1,0.040946893
MPV17,0.040942002
BARHL2,0.04093551
IFNA17,0.040929675
ATP6V0C,0.04089683
ALKBH1,0.04087799
PPP1R14D,0.040759332
VTI1B,0.040756784
TMEM165,0.040749215
TMEM259,0.040688943
FJX1,0.04066452
AGPAT3,0.040652327
ATOX1,0.040646285
NDUFB8,0.040631346
SPTSSA,0.040603757
CCL15,0.040585835
REEP6,0.040558744
RGS9BP,0.040546533
ZNF212,0.040528387
PCTP,0.04052146
MRPS24,0.04051051
KRTAP1-3,0.040505223
GSTA5,0.040503446
CMTM2,0.04046018
HMGCL,0.04043809
SLC35B4,0.040370233
DUSP11,0.04036313
TM4SF5,0.040339705
RPS8,0.040321995
CCL4L2,0.04030742
NFS1,0.0402757
TECR,0.04027203
GIMAP1,0.040243696
IL2,0.0401492
TMEM40,0.0401232
TCTN3,0.040104672
ADGRG5,0.040024586
FUT10,0.040014688
SPTSSB,0.039982986
COA3,0.03997987
FDX1,0.039975666
CCL7,0.039970428
MTFMT,0.03996473
CCK,0.039940927
CDS1,0.039856527
SLC5A11,0.039762456
KIAA0391,0.03966994
CFAP45,0.039622027
CLEC12A,0.039493088
PRAF2,0.039459065
GIMAP2,0.03945318
EVX1,0.039439276
MEP1A,0.039363675
SFTPA1,0.039295446
GPAT4,0.039287016
SECTM1,0.039284937
FKRP,0.03925645
LYRM1,0.03921762
ZNF32,0.039102856
SLC44A1,0.03897732
STX12,0.038956642
UQCRQ,0.038934164
TIMM21,0.03891421
BNIP1,0.03886756
RDH14,0.038812187
EMP2,0.038809307
FA2H,0.03873903
XKRX,0.038624942
SAMM50,0.03853784
NME6,0.038508244
PIGP,0.03850728
KRTAP12-1,0.038371142
CLPX,0.038366776
MFSD2A,0.038356785
MBOAT7,0.038173486
TAS1R1,0.03816665
COMT,0.038036846
TMEM18,0.037988354
TMEM243,0.037955187
EBI3,0.037946954
UGT1A4,0.037858967
SCIMP,0.037843883
PITPNB,0.037811805
MRPL32,0.03778691
NIPAL4,0.037686426
AADAT,0.037627615
KLRC4,0.037618153
IL17A,0.037593048
SPCS1,0.037571598
LST1,0.03757102
GEN1,0.037568953
VAPB,0.037536584
CMTM6,0.03749176
IER3IP1,0.03732425
RFT1,0.037308626
TMEM97,0.03725642
SCGB1D1,0.037248775
AZIN2,0.03722928
SEMG1,0.03720508
MRPL55,0.03720152
ZNF598,0.037165966
SFXN1,0.037065662
NDUFAF2,0.03706339
GPAA1,0.036988456
FUCA2,0.03698325
IGLL1,0.036939155
COX7A2,0.03690257
GJA8,0.036899183
CYB561D2,0.036843754
MRPL4,0.03682316
ERGIC3,0.036764637
MRPS14,0.036751762
SMIM1,0.03671252
ATP5F1D,0.036686037
CLEC3A,0.036624998
RSPRY1,0.036622062
CHPT1,0.03660887
VKORC1L1,0.036579583
MRPS18A,0.03655324
FAHD1,0.036529798
GSTA2,0.03643457
PIGU,0.03641961
LGALS8,0.036415037
OAZ2,0.03636434
CXCL16,0.036361426
NDUFA7,0.03621755
TMEM147,0.03621134
ASAH1,0.03611665
CMC1,0.0361116
GRSF1,0.036086977
SEC14L3,0.036082465
FRG2,0.03607492
PRRT2,0.03601128
LRRC25,0.03599837
CCL8,0.035957612
DOLK,0.035933163
EBP,0.035902318
DNAJC15,0.035729658
KIR2DL2,0.035689805
ATP6V1G2,0.035574593
EMP3,0.0354874
HLA-DQA2,0.035485826
HOXD9,0.03548097
ALOX15,0.035447128
MRPL14,0.035408583
GPX7,0.03535511
RAB36,0.035313457
BRI3BP,0.035297718
PLPPR3,0.035279505
SLC16A10,0.035246737
LY9,0.035211194
ORMDL2,0.035085626
ETV2,0.035048936
SOHLH2,0.035040427
C6orf89,0.03483649
DPM2,0.034821298
IL5,0.03472441
NME4,0.03463835
CYP11B2,0.034554508
UPK1B,0.03451514
TMEM65,0.034493964
P2RY6,0.0344362
CERS6,0.03433366
CHCHD10,0.03433199
SPPL3,0.034229662
MS4A5,0.03419164
CD300E,0.034129284
SP5,0.034073617
SPNS3,0.034032628
TPH2,0.034030676
KRTAP5-9,0.034008704
PF4V1,0.03400366
MRPL42,0.034001637
SPINK9,0.033935655
MRPS31,0.033867136
MRPS30,0.03386141
CXCL17,0.03373733
PAM16,0.03364035
TIMM44,0.03362621
PLPP1,0.033544347
ACBD6,0.03353472
PIGV,0.0335297
TREM1,0.033472136
ZNF397,0.03345479
MRPS25,0.03341623
DGAT2L6,0.033399273
COX7C,0.03332426
SLC7A1,0.03332343
DHRS4,0.0333193
CYC1,0.03325172
VMA21,0.033211667
SLC29A3,0.033053793
ZPBP,0.03303479
CRISP2,0.03303201
CST11,0.032983653
YIPF2,0.0329303
NDUFV2,0.03292559
FAM53A,0.03291868
NDUFA12,0.032820333
CCR6,0.03279359
MMP20,0.032771576
LEPROTL1,0.032749522
MT1F,0.032652967
FKBP11,0.032646377
TBX10,0.03263489
UNC50,0.032571595
NDUFC1,0.03256033
CHRNE,0.032541107
PHLDA2,0.032285865
MFSD6,0.032220386
OR1D2,0.032220274
SIAE,0.032143943
MRPL17,0.03208032
TMEM115,0.032061957
CLEC4D,0.032013323
SLC19A2,0.03179927
TAS1R2,0.0316943
TNFRSF18,0.031659126
PLA2G12B,0.031609125
MRPL30,0.031225514
GPR83,0.03120785
OTC,0.031035703
NDUFAF7,0.03096107
MRPL51,0.030921059
GALM,0.030857744
MRM1,0.030788438
MAIP1,0.030747805
ELOVL4,0.03074347
RBP2,0.030636063
DDX28,0.030563854
H1FOO,0.03050917
REP15,0.03042934
SLC26A11,0.03038172
MRPS10,0.030352559
PIGC,0.030325936
HS3ST3B1,0.03032372
FIZ1,0.030299837
MRPL19,0.030281527
COX6B1,0.030258566
UGT1A7,0.03023792
HLA-DQB1,0.030172203
SELENOP,0.03014134
PLXDC2,0.030130442
COX18,0.030090662
NDUFA3,0.029972952
YIPF3,0.029711813
PNLIP,0.029693425
STX8,0.029692778
NKAIN4,0.029691426
CALML6,0.029661
IL25,0.02958611
PLLP,0.029584944
NDUFB4,0.029583896
ATP5PD,0.029542798
VKORC1,0.02950446
TMEM241,0.02945804
AMACR,0.029428346
IFNW1,0.029401697
FFAR2,0.029261539
PRSS33,0.029167103
IFNL1,0.029077573
OTP,0.028868126
PODN,0.02885151
TMEM123,0.02883502
IL17F,0.028765935
COX19,0.028760022
SLC32A1,0.028703967
LHFPL3,0.028544843
INPP5A,0.028508533
STOML2,0.028463874
PLP2,0.028243164
TAS1R3,0.028041564
NDUFA6,0.028036594
FSCN2,0.027987769
IL27,0.027957581
GPR26,0.027911073
S100A7A,0.027870523
ZNF444,0.02775408
MRPS9,0.027710697
STATH,0.027642772
SRD5A3,0.027505502
COX7A2L,0.027475495
MRPS5,0.027447682
OR5F1,0.027414486
COQ4,0.027405841
NDUFS2,0.027348062
12-Sep,0.02732469
TMEM150A,0.027273169
HSD17B8,0.0272689
UTF1,0.027246851
MRPL47,0.027185915
SLC38A9,0.027117418
MRPL34,0.027112454
MRPL11,0.027096814
EPCAM,0.027088072
UGT1A8,0.027058303
GOLT1B,0.027007483
IFT27,0.026996046
MRPL49,0.026983486
DEFB121,0.026979368
CD79A,0.02675488
RXFP1,0.02670637
DAZ3,0.026619738
MALSU1,0.026598984
TGIF2LY,0.026475048
PLPP2,0.02629789
FABP2,0.026285265
YBEY,0.02607063
SERP1,0.025973275
TEN1,0.025898173
ZGLP1,0.025832022
TMEM138,0.02580744
UCN,0.025725972
CYB5B,0.025722528
TNFSF15,0.025612213
MT1B,0.02550301
CDAN1,0.02547468
S100PBP,0.025370847
PLA2G5,0.02531187
REEP5,0.025289692
PIGH,0.025140915
MRPL16,0.025033003
FUK,0.024993168
B3GNT8,0.02495624
SIRPB2,0.024951654
KIAA1324L,0.024756337
LNPK,0.024636485
COL9A2,0.024570674
CEMP1,0.024470057
CYP2J2,0.024428293
NDUFA11,0.02431332
TMEM203,0.02430667
MRPS2,0.024210121
MCEE,0.024200639
PLAC9,0.024145592
MRPL15,0.024078224
MRPL37,0.023902021
TXNDC2,0.0238859
CBLN4,0.023787707
COX14,0.023735005
STX7,0.023724379
MRPL40,0.023699641
DAZ2,0.02367095
AMELX,0.023642965
NDUFB7,0.023635773
ZDHHC20,0.023581566
TMEM86B,0.023526557
NDUFB3,0.023437234
NDUFAF3,0.023406794
MTIF2,0.023200376
KIR2DS5,0.02317118
NDUFB5,0.023153374
TMEM114,0.023099506
ABHD17B,0.022924852
NDUFS4,0.022899421
GPHB5,0.022836732
FCRL4,0.022828242
UQCRFS1,0.022647271
ALG8,0.022433575
CLDN23,0.022190046
UGT2B15,0.02203299
YIPF4,0.0218554
BICDL1,0.02182281
COQ6,0.0217342
F2RL3,0.021657137
TMEM184C,0.021586316
CR1L,0.021553965
TYR,0.021421362
PRRX2,0.021409905
RPS4Y1,0.021345451
KCNE3,0.021330794
ZNF80,0.021292403
CNPY4,0.021083035
MRPL13,0.021031028
ORMDL1,0.020978661
ACOT12,0.020967804
SLC38A6,0.020851986
TACR3,0.020683205
RPS4Y2,0.020627452
PAX1,0.020626921
MRPL12,0.020536508
COQ8B,0.020351639
CXCR6,0.020074135
PRAP1,0.01992686
ERFE,0.019797897
RCE1,0.019662535
NIT1,0.019623978
GATC,0.019462055
HTN3,0.019371042
RHBDD2,0.019234838
REEP4,0.0192028
ACER1,0.018935826
NDUFC2,0.018780313
ENAM,0.018552056
NDUFB11,0.018548409
SPRR2E,0.018414546
UQCC3,0.018383922
CARTPT,0.018309712
MRPL41,0.01822183
MRPL10,0.018207615
MRPL50,0.017973397
SEMA3C,0.01787714
SIGLEC14,0.017515875
CCL18,0.017489178
IMMP1L,0.017387172
CYP3A43,0.01731596
SELENOI,0.017183859
CELF6,0.01708499
NDUFA4,0.017079914
KIR2DS2,0.01694376
IFNL2,0.016924629
GMPR,0.016837556
SPRR2G,0.016750969
PCNX2,0.016597427
LILRA3,0.016573714
TGIF2LX,0.016299747
GHSR,0.016097965
FXYD6,0.01606271
HCRT,0.015956298
EOMES,0.01579478
MRPL39,0.015634445
CA6,0.015498598
CLEC2A,0.015348173
CHCHD2,0.015296721
BPIFB1,0.015206913
CD1C,0.01511379
CLDN15,0.01504455
KLRC3,0.015003828
C15orf48,0.014927952
LAIR1,0.014824084
LHPP,0.014754517
CLPS,0.014583991
IFNG,0.014481588
CBARP,0.014477301
RARRES2,0.01433447
NDUFS6,0.014285305
GHRL,0.01419623
LILRA1,0.013943316
IFNA1,0.013777257
IFNA13,0.013777257
HARBI1,0.013740615
ST6GAL2,0.013565518
TAC1,0.013287959
TFF1,0.013285752
SP8,0.013138442
SCG5,0.012898361
CHAD,0.012394059
GRP,0.012387787
COQ9,0.012296656
ZC3H12D,0.01175973
KIR2DS3,0.0113806
PNLIPRP2,0.01125907
KIR2DS1,0.011106349
LCE3D,0.010962007
ANGPTL8,0.010776218
LCE3C,0.009818663
ACKR1,0.009375648
NPY,0.009132046
IFNA2,0.009119908
BPIFA1,0.009000655
IFNA8,0.008888079
ACOT11,0.008637189
IFNA5,0.007617713
DRAXIN,0.007592054
CSN2,0.007414029
PSPN,0.007190295
LCE1D,0.007133597
TYROBP,0.007076479
UGT2A3,0.006398065
GAL3ST3,0.006323056
NTN1,0.006176472
NPBWR1,0.005937103
EVX2,0.005563883
GHRHR,0.005412198
ANGPTL2,0.004869857
TNFSF18,0.004678267
ANAPC15,0.004628532
LCE2D,0.00430505
LCE3B,0.003965403
CSN3,0.003819018
LCE1C,0.003731329
MLNR,0.003726322
LCE3A,0.003684529
SLC26A1,0.003624884
NKX1-1,0.003536389
PCDHGA12,0.003370001
IFNA7,0.00331489
CYP11B1,0.003193775
LCE1E,0.003105779
CBLN3,0.002650353
IFNA4,0.002381272
VWC2,0.00200177
NKX2-6,0.0018629
LCE2A,0.001782758
EMILIN1,0.001615179
LCE1F,0.001398565
REG1A,0.001084821
LCE4A,0.001004117
LCE2B,0.000867115
LCE1A,0.000767094
LCE5A,0.000725996
LCE1B,0.000603308
LCE2C,0.000539482
